route	revision	role	local_path	local_sha256	server3_path	server3_sha256	result	local_verified_at_utc	server3_verified_at_utc
R31A	V021	DIRECT_PARENT	/Users/sunyiyang/Desktop/Project/cann-sixlane/R31A/phase4/workspaces/R31A/R31A-V016-submission.asc	dd13093823c885e785a650abff4863827e652eb8607ad0621a96eb31b6764fa0	/home/data4t2/lelinfeng/phase4-workspaces/R31A/R31A-V016-submission.asc	dd13093823c885e785a650abff4863827e652eb8607ad0621a96eb31b6764fa0	MATCH	2026-09-26T14:48:01Z	2026-09-26T14:49:06Z
R31A	V021	CANDIDATE	/Users/sunyiyang/Desktop/Project/cann-sixlane/R31A/phase4/local/R31A/V021/submission.asc	4f5bfc319b72d1f0bcfd453bc92e80ac64216719898757292daf1aa1b73b6063	/home/data4t2/lelinfeng/phase4-worktrees/R31A/V021-direct/phase4/local/R31A/V021/submission.asc	4f5bfc319b72d1f0bcfd453bc92e80ac64216719898757292daf1aa1b73b6063	MATCH	2026-09-26T14:48:01Z	2026-09-26T14:49:06Z
R31B	V016	DIRECT_PARENT	/Users/sunyiyang/Desktop/Project/cann-sixlane/R31B/phase4/workspaces/R31B/R31B-V011-LP-ROW-PIPELINE_kernel.asc	a8c19a1972207acc67e3fb0cd393cc70b0a4b183d1eaf5610edf80c2879b15e3	/home/data4t2/lelinfeng/phase4-workspaces/R31B/R31B-V011-LP-ROW-PIPELINE_kernel.asc	a8c19a1972207acc67e3fb0cd393cc70b0a4b183d1eaf5610edf80c2879b15e3	MATCH	2026-09-26T14:48:01Z	2026-09-26T14:49:06Z
R31B	V016	CANDIDATE	/Users/sunyiyang/Desktop/Project/cann-sixlane/R31B/phase4/local/R31B/V016/submission.asc	9f5c353e65a13a740fe97dc7e6415df032d27560831a3ad142c77592b8208eb5	/home/data4t2/lelinfeng/phase4-review-repro/R31B-V016/R31B-V016-WIDE-TILE-SEED_kernel.asc	9f5c353e65a13a740fe97dc7e6415df032d27560831a3ad142c77592b8208eb5	MATCH	2026-09-26T14:48:01Z	2026-09-26T14:49:06Z
MIX-A	V007	DIRECT_PARENT	/Users/sunyiyang/Desktop/Project/cann-sixlane/MIX-A/phase4/workspaces/MIX-A/MIX-A-V003-submission.asc	1a1857a945ce1f04e3877437882b21a3d5071dddcd697103d7b539a0feb5c706	/home/data4t2/lelinfeng/phase4-workspaces/MIX-A/MIX-A-V003-submission.asc	1a1857a945ce1f04e3877437882b21a3d5071dddcd697103d7b539a0feb5c706	MATCH	2026-09-26T14:48:01Z	2026-09-26T14:49:06Z
MIX-A	V007	CANDIDATE	/Users/sunyiyang/Desktop/Project/cann-sixlane/MIX-A/phase4/local/MIX-A/V007/submission.asc	a63ad29a997ae2fe8a1238c1a47a9d5ddfb14d16f725fca975ce5c55523f28eb	/home/data4t2/lelinfeng/phase4-workspaces/MIX-A/MIX-A-V007-submission.asc	a63ad29a997ae2fe8a1238c1a47a9d5ddfb14d16f725fca975ce5c55523f28eb	MATCH	2026-09-26T14:48:01Z	2026-09-26T14:49:06Z
MODE-X-R015C	r4	DIRECT_PARENT_KERNEL	/Users/sunyiyang/Desktop/Project/cann-sixlane/MODE-X-R015C/phase4/local/MODE-X-R015C/R015C-r3/submission.asc	e1786bec2673519f41887fdffa0e11751f515a81037d854c88ae7edc0e4af903	/home/data4t2/lelinfeng/MODE-X-R015C_runs/R015C-r4/paired-runner/input/parent/submission.asc	e1786bec2673519f41887fdffa0e11751f515a81037d854c88ae7edc0e4af903	MATCH	2026-09-26T14:48:01Z	2026-09-26T14:49:06Z
MODE-X-R015C	r4	CANDIDATE_KERNEL	/Users/sunyiyang/Desktop/Project/cann-sixlane/MODE-X-R015C/phase4/local/MODE-X-R015C/R015C-r4/submission.asc	9367db4ebb4edf6b7bf6cde97f4846f987e6ab230c2aeee44d942d5e881a1c74	/home/data4t2/lelinfeng/MODE-X-R015C_runs/R015C-r4/paired-runner/input/candidate/submission.asc	9367db4ebb4edf6b7bf6cde97f4846f987e6ab230c2aeee44d942d5e881a1c74	MATCH	2026-09-26T14:48:01Z	2026-09-26T14:49:06Z
MODE-X-R015C	r4	DIRECT_PARENT_TILING	/Users/sunyiyang/Desktop/Project/cann-sixlane/MODE-X-R015C/phase4/local/MODE-X-R015C/R015C-r3/support/reference/op_kernel/row_copy_tiling.h	5e4ad750f5c63da357324c0a829674aff81b7c0b655e8ff08072b1c289c66c41	/home/data4t2/lelinfeng/MODE-X-R015C_runs/R015C-r4/paired-runner/input/parent/row_copy_tiling.h	5e4ad750f5c63da357324c0a829674aff81b7c0b655e8ff08072b1c289c66c41	MATCH	2026-09-26T14:48:01Z	2026-09-26T14:49:06Z
MODE-X-R015C	r4	CANDIDATE_TILING	/Users/sunyiyang/Desktop/Project/cann-sixlane/MODE-X-R015C/phase4/local/MODE-X-R015C/R015C-r4/support/reference/op_kernel/row_copy_tiling.h	0939ba8498426fcd77645d826fcc45a8eb65c78996ad0ce1da1a00d1ac01a250	/home/data4t2/lelinfeng/MODE-X-R015C_runs/R015C-r4/paired-runner/input/candidate/row_copy_tiling.h	0939ba8498426fcd77645d826fcc45a8eb65c78996ad0ce1da1a00d1ac01a250	MATCH	2026-09-26T14:48:01Z	2026-09-26T14:49:06Z
DTYPE-SPECIAL-X	V001	DIRECT_PARENT	/Users/sunyiyang/Desktop/Project/cann-sixlane/R31B/phase4/workspaces/R31B/R31B-V011-LP-ROW-PIPELINE_kernel.asc	a8c19a1972207acc67e3fb0cd393cc70b0a4b183d1eaf5610edf80c2879b15e3	/home/data4t2/lelinfeng/phase4-workspaces/DTYPE-SPECIAL-X/V001/src/support/parent_submission.asc	a8c19a1972207acc67e3fb0cd393cc70b0a4b183d1eaf5610edf80c2879b15e3	MATCH	2026-09-26T14:48:01Z	2026-09-26T14:49:06Z
DTYPE-SPECIAL-X	V001	CANDIDATE	/Users/sunyiyang/Desktop/Project/cann-sixlane/DTYPE-SPECIAL-X/phase4/local/DTYPE-SPECIAL-X/V001/submission.asc	e2717055199f541d98d85ceef2e011e52e2749d932ca954dc887868de7db880f	/home/data4t2/lelinfeng/phase4-workspaces/DTYPE-SPECIAL-X/V001/src/submission.asc	e2717055199f541d98d85ceef2e011e52e2749d932ca954dc887868de7db880f	MATCH	2026-09-26T14:48:01Z	2026-09-26T14:49:06Z
WIDE-X-FRESH4	V001	DIRECT_PARENT	/Users/sunyiyang/Desktop/Project/cann-sixlane/WIDE-X-FRESH4/phase4/local/WIDE-X-FRESH4/BUILD-FIX-001/submission.asc	5d0ee01165e46a281cbb7d1605feba3605ad59883845400a063e97704f27f2be	/tmp/WIDE-X-FRESH4-V001-d0dd0e972ac48b07/WIDE-X-FRESH4/BUILD-FIX-001/submission.asc	5d0ee01165e46a281cbb7d1605feba3605ad59883845400a063e97704f27f2be	MATCH	2026-09-26T14:48:01Z	2026-09-26T14:49:06Z
WIDE-X-FRESH4	V001	CANDIDATE	/Users/sunyiyang/Desktop/Project/cann-sixlane/WIDE-X-FRESH4/phase4/local/WIDE-X-FRESH4/V001/submission.asc	f7628795e6699288669dbff8963181e376e10741ba4d46c768af51cf09bf6895	/tmp/WIDE-X-FRESH4-V001-d0dd0e972ac48b07/WIDE-X-FRESH4/V001/submission.asc	f7628795e6699288669dbff8963181e376e10741ba4d46c768af51cf09bf6895	MATCH	2026-09-26T14:48:01Z	2026-09-26T14:49:06Z
