ROUTE	REVISION	DATE	DIRECT_PARENT	OFFICIAL_ANCHOR	HYPOTHESIS	SOURCE_SHA	GIT_COMMIT	REMOTE_BRANCH	BUILD_STATUS	COMPILE_RC	LINK_RC	EXECUTABLE_SHA	CORRECTNESS_STATUS	CORRECTNESS_SHAPES	MAX_ABS_ERROR	SAME_BINARY_STATUS	LOCAL_PARENT_METRIC	LOCAL_CANDIDATE_METRIC	LOCAL_DELTA	LOCAL_NOISE_FLOOR	LOCAL_VERDICT	LOCAL_BEST_AFTER_REVISION	ONLINE_WORTHY	ONLINE_QUEUE_STATUS	SUBMISSION_ID	OFFICIAL_SCORE	OFFICIAL_DELTA	ONLINE_DECISION	CALIBRATION_RECORDED	EVIDENCE_PATH	MISSING_EVIDENCE	REVISION_CLASSIFICATION	NOTES
ASYNC-TRIPLE-X	V001	2026-09-24	R013-derived route seed	NONE	MTE3 store overlap only	61223a486cca4c54e099f760e9f48a4cd2fbedb2645967b936fe80d2785e1e1a	16325183730c49b5b5896833c98eb55202ca6a0f	exec/sixlane-20260924-async-triple-x	PASS_FINAL_CANDIDATE_AND_PARENT	0_final	0_final	4977d915d26a6fcfff35db274c051064b2652e53718d649dcd46d8098ec3d2d7	UNRESOLVED_SHARED_507035	FP32 rows=1 width=1024 blocks=1 smoke	MISSING	NOT_RUN	N/A	N/A	MISSING_LOCAL_SCORE	NOT_ESTABLISHED	NEEDS_ONE_MORE_LOCAL	NONE	NO	NOT_QUEUED_OWNER_COLLISION	NONE	NONE	NONE	NOT_SUBMITTED	NOT_APPLICABLE_NO_OFFICIAL_RESULT	/Users/sunyiyang/Desktop/Project/cann-sixlane/ASYNC-TRIPLE-X/phase4/local/ASYNC-TRIPLE-X/V001	same-binary; valid parent/candidate timing; correctness PASS; official result	HISTORICAL_ONLY	Source manifest verifies candidate and both alink artifacts. Candidate and exact parent both failed the smoke with 507035; correctness was not assessed. Final compile/link passed after retained failed attempts. Collision handoff records Main-2 ownership; no timing or Online submit.
EXT-ASCEND-X	V001	2026-09-24	NONE	NONE	Dynamic blockFactor/rowFactor/ubFactor tiling	bd2b18cedf25ee4cb51a63690a1e2e4f48a9fa18766674f7401aa24b56072b8a	a758f65e725600f51707006017b1a8b77fc1e136	exec/sixlane-20260923-ext-ascend-x	PASS_FINAL_DEVICE_SUBMISSION_AND_RUNNER	0_final	0_final	MISSING_RETAINED_EXECUTABLE_SHA	FAIL_27_OF_27	FP32 D=256,4096,8192; rows=1,2,3; cores=1,2,3	0.000390887..8.6827e+11	NOT_RUN	N/A	N/A	MISSING_LOCAL_SCORE	NOT_ESTABLISHED	CORRECTNESS_FAILED	NONE	NO	NOT_QUEUED	NONE	NONE	NONE	NOT_SUBMITTED	NOT_APPLICABLE_NO_OFFICIAL_RESULT	/Users/sunyiyang/Desktop/Project/cann-sixlane/EXT-ASCEND-X/phase4/local/EXT-ASCEND-X/V001	executable SHA; same-binary; valid parent/candidate timing; official result	CORRECTNESS_FAILED	Four correctness-only fixes retained distinct source SHAs; final 27/27 cases still failed after FIX_4. Final build and full link passed. No timing or Online submit. Park handoff retained.
WIDE-X-FRESH4	BUILD-FIX-001	2026-09-25	CURRENT (SHA bc4608dcb1028b61de50fc8a74d4a72661945c02c3caccb8b60dd543bdf6677c)	NONE	Build/correctness only: replace device sqrtf, narrow DataCopyPad byte length, preserve FP32 output; no performance mechanism	5d0ee01165e46a281cbb7d1605feba3605ad59883845400a063e97704f27f2be	42e283cf407d425d172dbd0cf2ba7b49f8058b33	exec/sixlane-20260923-wide-x-fresh4	CANDIDATE_BUILD_PASS; PARENT_COMPILE_FAILED	candidate=0; parent=2	candidate=0; parent=NOT_RUN	NPU_EXECUTABLE=MISSING; host shim=ace44840…; kernel SO=b54a6fbd…	PASS_9_OF_9_NPU	rows=2; FP32/FP16/BF16 x widths 2048,16384,32768	FP32=3.5762787e-7; FP16=0.0009765625; BF16=0	NOT_RUN	LOCAL_SCORE_INVALID_HOST_SHIM_ONLY	LOCAL_SCORE_INVALID_HOST_SHIM_ONLY	NO_DEVICE_DELTA; shim values retained in evidence	MISSING	NOT_APPLICABLE_BUILD_FIX	NO_PERFORMANCE_LOCAL_BEST	NO	NOT_QUEUED	NONE	NONE	NONE	NOT_SUBMITTED	NOT_APPLICABLE_NO_OFFICIAL_RESULT	/Users/sunyiyang/Desktop/Project/cann-sixlane/WIDE-X-FRESH4/phase4/local/WIDE-X-FRESH4/BUILD-FIX-001	valid CURRENT executable/parent comparison; device executable SHA; same-binary; valid NPU timing	HISTORICAL_ONLY	A build compatibility/correctness; B performance OFAT N/A; C CURRENT SHA above; D candidate source SHA and server build correspond; E commit above; F candidate compile/link PASS, parent compile failed so no linked Parent; G NPU executable SHA missing; H 9/9 PASS; I no same-binary; J host shim only, no NPU P/C; K host ns retained but not device timing; L no performance verdict; M no Local Best; N/O no queue or submit; P/S no Official anchor, result, or calibration. Host shim D16384 CURRENT=[139881,137551,136831,136461,136181,136712,136221,136451] C=[176351,173662,173431,173172,172571,174372,186051,173902]; D32768 CURRENT=[301043,306833,295232,293853,288672,288252,287173,308222] C=[299903,289722,287423,285102,284503,288752,284202,289323]; LOAD_CONTAMINATED.
WIDE-X-FRESH4	V001	2026-09-25	BUILD-FIX-001 (SHA 5d0ee01165e46a281cbb7d1605feba3605ad59883845400a063e97704f27f2be)	NONE	Wide-path tile 2048->4096; grow corresponding temporary buffer; expected halve tile iterations; other math, data residency and scheduling unchanged	f7628795e6699288669dbff8963181e376e10741ba4d46c768af51cf09bf6895	856ba8d35db2ba402213483b069592b662779ba5	exec/sixlane-20260923-wide-x-fresh4	PASS_FINAL_CANDIDATE_AND_PAIRED_RUNNER	PASS_RC_MISSING	PASS_RC_MISSING	correctness_exe=0c160793a957b1288155e37d3cb153f8da84c6352685641e646a440cce3ae2ba; paired_runner=a74faf2f… (not run)	PASS_9_OF_9_NPU	rows=2; FP32/FP16/BF16 x widths 2048,16384,32768	FP32 max=3.5762787e-7; FP16 max=0.0009765625; BF16 max=0	NOT_RUN	MISSING	MISSING	MISSING_LOCAL_SCORE	MISSING	MEASUREMENT_BLOCKED	NO_PERFORMANCE_LOCAL_BEST	NO	NOT_QUEUED	NONE	NONE	NONE	NOT_SUBMITTED	NOT_APPLICABLE_NO_OFFICIAL_RESULT	/Users/sunyiyang/Desktop/Project/cann-sixlane/WIDE-X-FRESH4/phase4/local/WIDE-X-FRESH4/V001	exact-shape same-binary; NPU P/C raw samples/noise; numeric final compile/link RC; provenance resolution; Online package/result	MEASUREMENT_BLOCKED	A tile-width expansion and paired buffer sizing; B SINGLE_CHANGE_AUDIT PASS; C BUILD-FIX-001; D candidate SHA retained and server build source-bound; E commit above, route tip 61e97fad… equals origin; F build/link PASS, final numeric RC missing; G correctness executable SHA recorded, runner executable SHA recorded but unrun; H 9/9 PASS; I same-binary not run; J no NPU P/C, timing explicitly NOT_RUN_NO_EXCLUSIVE_DEVICE_LEASE; K no delta/noise; L NOT_COMPLETE, child/Main label NEEDS_ONE_MORE_LOCAL; M no Local Best; N/O no Online queue/submission; P/S no Official result or calibration. Main review leaves FRESH_BLIND provenance unresolved due archived analysis exposure; no performance claim. | LIVE_DEVICE_READ=2026-09-26T06:53:18Z; BLOCK_REASON=no eligible card: devices 0-6 HBM 90-91%, devices 0-3 AICore 33-39%, device 4 PID 2999855 VLLMEngineCor memory 55664MB; device 7 excluded by current timing policy; no active lease; DATE=2026-09-26; SHAPE=rows=2,widths=2048,16384,32768 across FP32/FP16/BF16; select exact pair shape; DEVICE=none eligible from live query of 0-7; SAME_BINARY_RESULT=Parent executable control is not verified and Fresh Blind provenance remains unresolved; RETRY_REQUIRED=YES after fresh device query and exact-shape same-binary qualification | CURRENT_DISPOSITION=MEASUREMENT_BLOCKED supersedes prior nonterminal handoff labels; historical measurements retained and contaminated values excluded
MODE-X-R015C	CURRENT-UNNUMBERED	2026-09-23	MISSING; PARENT_UNRESOLVED	NONE	Strided 2-D DataCopy for adjacent FP32 rows	70ad9e17ca13f83f49e9b5dd8e7adad55f4c6f251a599fc4b87c9e935e78f04c	1cc74622ce6c20f281282490804715cbaa571ed6	exec/sixlane-20260923-mode-x-r015c	RECORDED_PASS; RAW_LOG_MISSING	MISSING	MISSING	MISSING	HOST_PASS; NPU_NOT_RUN_DEVICE_BUSY	host D=256/4096/8192; NPU shapes not run	MISSING	NOT_RUN	MISSING	MISSING	MISSING_LOCAL_SCORE	MISSING	NEEDS_ONE_MORE_LOCAL	NO_PERFORMANCE_LOCAL_BEST	NO	NOT_SUBMITTED	NONE	NONE	NONE	INCONCLUSIVE_NO_FORMAL_SUBMIT	NOT_APPLICABLE_NO_OFFICIAL_RESULT	/Users/sunyiyang/Desktop/Project/cann/phase4/local/MODE-X-R015C/CURRENT	numbered revision mapping; parent source; raw build/link; executable SHA; NPU correctness; same-binary; local timing; Official/Online evidence	NEEDS_REMEASUREMENT	A two-row 2-D copy; B OFAT not recorded; C parent unresolved; D source SHA verified, source commit empty; E snapshot commit available and route tip e225ddd…; F build status only, RC/log absent; G no exe SHA; H host only, NPU not run; I no same-binary; J no P/C; K no metric/noise; L NEEDS_ONE_MORE_LOCAL; M no Local Best; N/O no queue/submit; P/S no Official or calibration.
MODE-X-R015C	r1 (gap placeholder)	MISSING	MISSING	NONE	MISSING; no route file or Git evidence; placeholder only	MISSING	MISSING	exec/sixlane-20260923-mode-x-r015c (route branch exists; r1 commit missing)	MISSING	MISSING	MISSING	MISSING	MISSING	MISSING	MISSING	MISSING	MISSING	MISSING	MISSING_LOCAL_SCORE	MISSING	MISSING	MISSING	MISSING	NO_RECORD	MISSING	MISSING	MISSING	MISSING	NO_RECORD	MISSING	all revision artifacts and evidence	MISSING_NOT_REVISION	A-S all missing; numbering-gap placeholder only, not evidence r1 existed.
MODE-X-R015C	r2	MISSING	MISSING	NONE	MISSING; source absent, hypothesis and parent absent	9471d7c2faf12c8d5d31e3cc3865fe2a703362b2d8cdb635beda2e64ebe259be	MISSING	exec/sixlane-20260923-mode-x-r015c (r2 commit missing)	MISSING	MISSING	MISSING	MISSING	FAIL_INDEX_0_REPORTED_BY_R3	(2,256),(5,4096),(3,8192) reported downstream	MISSING	NOT_RUN	MISSING	MISSING	MISSING_LOCAL_SCORE	MISSING	CORRECTNESS_FAILED (downstream evidence only)	NO_LOCAL_BEST_ADVANCE	NO	NO_RECORD	NONE	NONE	NONE	NO_FORMAL_RESULT	NO_RECORD	/Users/sunyiyang/Desktop/Project/cann-sixlane/MODE-X-R015C/phase4/local/MODE-X-R015C/R015C-r3/{source-meta.json,local-result.json}	r2 source/meta/diff/build/correctness raw logs/handoff/Main Review/timing/Online	CORRECTNESS_FAILED	r3 cites this source SHA and reports its parent executable SHA dad7a6c6b83fa84774f074d366c4f20301b932c5eeb572042bc6ec7ffc9b83e7; r2 source file, commit, build logs, and its own executable identity were not recovered.
MODE-X-R015C	r3	2026-09-24	r2 (SHA 9471d7c2…; source missing)	NONE	Single-row DataCopyPad segments and full ordering preserve <=256 32-byte blocks per row to address r2 segment semantics	e1786bec2673519f41887fdffa0e11751f515a81037d854c88ae7edc0e4af903	db44308b92d5f51c51901fc56f6f10c675797edd; cb955f66561fec1897654f5a3956b7a728f101c2	exec/sixlane-20260923-mode-x-r015c	RECORDED_COMPILE_LINK_PASS; RAW_LOG_MISSING	MISSING	MISSING	faea8be543277b77af2bc07d6b08ca43134fceaed17ab807fe8cfd5ecdcd0aee	PASS_RECORDED_ROW_COPY_3_OF_3; ADDRMSNORMBIAS_NOT_VALIDATED	(2,256),(5,4096),(3,8192); raw logs absent from scoped path	MISSING	NOT_QUALIFIED; old timing executable identity invalid	INVALID; raw process-wall medians retained in evidence	INVALID; raw process-wall medians retained in evidence	LOCAL_SCORE_INVALID; no valid direct-parent P/C	MISSING	NOT_COMPLETE	NO_LOCAL_BEST_ADVANCE	NO; ROW_COPY_MICROBENCHMARK_ONLY	NOT_QUEUED	NONE	NONE	NONE	NOT_SUBMITTED	NO_RECORD	/Users/sunyiyang/Desktop/Project/cann-sixlane/MODE-X-R015C/phase4/local/MODE-X-R015C/R015C-r3	server3 raw compile/correctness/timing logs; valid r2 source and P/C; same-binary; noise; Main Review/handoff; Official	NEEDS_REMEASUREMENT	A segmented row copy/order; B recorded as correctness-only but no Main audit; C r2; D source/manifest SHA match; E commits above reachable at route tip e225ddd…; F compile/link pass recorded, numeric RC/raw logs missing; G current exe faea…, old timing used c65… for both reference/r3; H 3/3 exact reported; I qualification absent and identity mismatch; J old comparison is not r2-v-r3, runner device_runs=0; K parent medians ns first=[3988484543,3988809198,4793432835], repeat=[3980448263,3982861125,3991120703]; candidate first=[4203834441,3981640985,3995399849], repeat=[3976502101,4181123441,3975083070], all contaminated process-wall, do not recalculate; L invalid data, NOT_COMPLETE; M no Local Best; N/O no queue/submit; P/S no Official/calibration. | REVIEW_2026-09-26_CORRECTNESS_SCOPE=ROW_COPY_MICROBENCHMARK; entry row_copy_kernel(input,output,tiling) copies input to output only; no residual, RMS reduction, gamma or bias in this source; 3/3 row-copy success is not full AddRmsNormBias correctness or an Online-ready submission
MODE-X-R015C	r4	2026-09-25/26	r3 (SHA e1786bec2673519f41887fdffa0e11751f515a81037d854c88ae7edc0e4af903)	NONE	Map one row per block; retain r3 segment size, DataCopyPad order/path and 64 KiB scratch	9367db4ebb4edf6b7bf6cde97f4846f987e6ab230c2aeee44d942d5e881a1c74	38cd6967b0a1ec2e40c8d045085eeb3cdec69fd6; 3f33d95aba1dac2f25f42ddf072f2aacf9873cd5; 493c2f2ba964a32270a124673f24dd85de90bf50	exec/sixlane-20260923-mode-x-r015c	PASS_AFTER_RETRY; attempt 1 failed	attempt1=1; attempt2=not recorded	attempt1=1; attempt2=not recorded	21934a8cf15508b365e252810c8f858b4fb105c5cc5000f460d61c511a37e188	PASS_EXACT_ROW_COPY_3_OF_3; ADDRMSNORMBIAS_NOT_VALIDATED	(2,256),(5,4096),(3,8192)	MISSING; logs report exact=1	NOT_RUN	MISSING	MISSING	MISSING_LOCAL_SCORE	MISSING	MEASUREMENT_BLOCKED	NO_LOCAL_BEST_ADVANCE	NO; ROW_COPY_MICROBENCHMARK_ONLY	NOT_QUEUED	NONE	NONE	NONE	NOT_SUBMITTED	NO_RECORD	/Users/sunyiyang/Desktop/Project/cann-sixlane/MODE-X-R015C/phase4/local/MODE-X-R015C/R015C-r4	successful attempt numeric RC; max abs error; same-binary; valid P/C samples/noise; official package/result/calibration	MEASUREMENT_BLOCKED	Block reason=no per-shape same-binary/lease timing run; date=2026-09-26; requested shapes listed; performance device lease=none; same-binary=NOT_RUN; retry=obtain lease, qualify each shape, then paired P/C. A row-to-block mapping; B Main Review SINGLE_CHANGE_AUDIT PASS; C r3; D kernel/tiling identities recorded; E commits above reachable at route tip e225ddd…; F compile/link attempt2 PASS, RC absent, attempt1 missing <vector>; G executable SHA above; H exact 3 shapes PASS on device4 and7; I not run; J no P/C; K no delta/noise; L NEEDS_ONE_MORE_LOCAL in review, per revised rule blocked; M no Local Best; N/O no queue/submit; P/S no Official/calibration. Canonical CURRENT SHA remains 70ad9e… while scheduler points to r4. | LIVE_DEVICE_READ=2026-09-26T06:53:18Z; BLOCK_REASON=no eligible card: devices 0-6 HBM 90-91%, devices 0-3 AICore 33-39%, device 4 PID 2999855 VLLMEngineCor memory 55664MB; device 7 excluded by current timing policy; no active lease; DATE=2026-09-26; SHAPE=(2,256),(5,4096),(3,8192); DEVICE=none eligible from live query of 0-7; SAME_BINARY_RESULT=same-binary not run; RETRY_REQUIRED=YES after fresh device query and exact-shape same-binary qualification | CURRENT_DISPOSITION=MEASUREMENT_BLOCKED supersedes prior nonterminal handoff labels; historical measurements retained and contaminated values excluded | REVIEW_2026-09-26_CORRECTNESS_SCOPE=ROW_COPY_MICROBENCHMARK; entry row_copy_kernel(input,output,tiling) copies input to output only; no residual, RMS reduction, gamma or bias in this source; 3/3 row-copy success is not full AddRmsNormBias correctness or an Online-ready submission
MIX-A	V001	2026-09-23	R31A-V010 + A001-V017 (declared; parent bytes not reviewed)	R31A-V010 44.09 (declared, unverified)	Replace narrow/mid in-gate with A001 FastKernel: param-once, single GetValue, full-u one-pass	74feede81c1dda89f5228e0a52fcb55702527dea74022e725e10407096dbdac2	8f94509cd616269eb6c582495434fee7dc5fcc83	origin/exec/sixlane-20260923-mix-a; current tip bec6ec455a43103201a3cf32b11e74e25469740b	PASS_CANN8.5_DEVICE_AND_SUBMISSION	0	0	MISSING	OFFICIAL_WRONG_ANSWER_14_OF_15	15 official cases; T04 (#4) failed; shape missing	MISSING; official output error percent=55.014%, not max abs error	NOT_RECORDED	MISSING	MISSING	MISSING_LOCAL_SCORE	MISSING	CORRECTNESS_FAILED	NO_LOCAL_BEST	MISSING	SUBMITTED_RESULT_RETAINED; no current queue row	6ab2b6790304f72a569cd79f	NO_VALID_SCORE_WA	N/A_WA	REJECT_WRONG_ANSWER	YES;OFFICIAL_RESULT_INVALID;LOCAL_DATA_MISSING	/Users/sunyiyang/Desktop/Project/cann/phase4/workspaces/MIX-A/MIX-A-V001-submission.asc; phase4/online/MIX-A/V001/result.json	parent bytes/official anchor verification; source-meta/sidecar; local timing; same-binary; exe SHA; judge-native source SHA; handoff/review; calibration	CORRECTNESS_FAILED	A FastKernel path swap; B declared one concept but external parent diff unavailable; C mixed R31A/A001 parent; D source and result SHA match, Judge-native source identity missing; E commit above; F branch tip currently matches origin, push-time record missing; G/H RC0; I exe SHA missing; J 14/15 WA; K T04 shape/error abs missing; L same-binary missing; M/N/O no local P/C/delta/noise; P no Local Best; Q historical submit; worthy record missing; R WA, reject; S no calibration.
MIX-A	V002	2026-09-23	V001 (SHA 74feede81c1dda89f5228e0a52fcb55702527dea74022e725e10407096dbdac2; official WA)	No valid MIX-A anchor before V003; V001/V002 WA	ReduceSum/V/S correctness repair using independent workspace and vector mean/epsilon/sqrt	2ba68ce79a6096cd89fba5a3fb35c85c9cd9b3a47664f9b491bc798d78a9e6cc	74fdd6b17c9421ad80eaef95ef51f2247f10151a	origin/exec/sixlane-20260923-mix-a; current tip bec6ec455a43103201a3cf32b11e74e25469740b	PASS_CANN8.5_DEVICE_AND_SUBMISSION	0	0	MISSING	OFFICIAL_WRONG_ANSWER_14_OF_15	15 official cases; T04 still failed; shape missing	MISSING; official output error percent=53.775%, not max abs error	NOT_RECORDED	MISSING	MISSING	MISSING_LOCAL_SCORE	MISSING	CORRECTNESS_FAILED	NO_LOCAL_BEST	MISSING	SUBMITTED_RESULT_RETAINED; no current queue row	6ab2bbc00304f72a569ede8d	NO_VALID_SCORE_WA	N/A_WA	REJECT_WRONG_ANSWER	YES;OFFICIAL_RESULT_INVALID;LOCAL_DATA_MISSING	/Users/sunyiyang/Desktop/Project/cann/phase4/workspaces/MIX-A/MIX-A-V002-submission.asc; phase4/online/MIX-A/V002/result.json	source-meta/sidecar; local timing; same-binary; exe SHA; handoff/review; judge-native SHA; calibration	CORRECTNESS_FAILED	A correctness dataflow fix; B correctness-only, no new performance mechanism; C V001; D source/result SHA match, Judge-native identity missing; E commit above; F origin current tip matches, push-time record missing; G/H RC0; I executable SHA missing; J 14/15 WA; K T04 error percent is not absolute error; L same-binary missing; M/N/O no P/C/delta/noise; P no Local Best; Q submitted; R WA/reject; S no calibration.
MIX-A	V003	2026-09-23	V002 (SHA 2ba68ce79a6096cd89fba5a3fb35c85c9cd9b3a47664f9b491bc798d78a9e6cc; parent WA)	First valid MIX-A official result; 44.69	FastKernel multi-row buffer fix: add V_MTE2 release sync and constrain dispatch to localRows==1	1a1857a945ce1f04e3877437882b21a3d5071dddcd697103d7b539a0feb5c706	a20d691d1b6ec66a7d1f565fdae7920aeb9ec11c	origin/exec/sixlane-20260923-mix-a; current tip bec6ec455a43103201a3cf32b11e74e25469740b	PASS_FULL_LINK	0	0	MISSING	OFFICIAL_PASS_15_OF_15	15 official cases; shape mapping missing	MISSING; official max output error percent=0.0%, not absolute error	NOT_RECORDED	MISSING	MISSING	MISSING_LOCAL_SCORE	MISSING	NOT_COMPLETE	NO_LOCAL_BEST; OFFICIAL_BEST=V003	MISSING	SUBMITTED_RESULT_RETAINED; no current queue row	6ab2bebe0304f72a569ffda5	44.69	+N/A_FIRST_VALID_ROUTE_RESULT	OFFICIAL_PASS; source meta INCONCLUSIVE vs invalid parent; no promote record found	YES;LOCAL_DATA_MISSING	/Users/sunyiyang/Desktop/Project/cann/phase4/workspaces/MIX-A/MIX-A-V003-submission.asc; phase4/online/MIX-A/V003/{result.json,source-meta.json,diff.patch}; calibration.tsv	local-result/timing; exe SHA; Judge-native source SHA; explicit promote; valid Local-Online comparison	NEEDS_REMEASUREMENT	A synchronization plus dispatch restriction; B MULTI_CHANGE; C V002 WA; D Git/sidecar/result SHA match, Judge-native SHA missing; E commit above; F current origin tip matches, historical push record missing; G/H RC0; I exe SHA missing; J 15/15; K per-shape/absolute error missing; L same-binary missing; M/N/O no local measurement; P no Local Best; Q submitted; R 44.69, explicit anchor but no promotion evidence; S calibration row contains NA/NO_DATA.
MIX-A	V004	2026-09-23	V003 (SHA 1a1857a945ce1f04e3877437882b21a3d5071dddcd697103d7b539a0feb5c706; 44.69)	V003 / 44.69	Extend FastKernel into D<=128 tiny and aligned multi-row SmallFp32; expand tiny dtype dispatch	581c19d162d8d1ce648238d5ee5b1ce18c28e92da7bfd148f2a46d027d7d71e1	d3bb0dbd3b48a84c160d10d0c775f91981cd042a	origin/exec/sixlane-20260923-mix-a; current tip bec6ec455a43103201a3cf32b11e74e25469740b	PASS_FULL_LINK	0	0	MISSING	OFFICIAL_PASS_15_OF_15	15 official cases; shape mapping missing	MISSING; official output error percent=0.0%, not max abs error	NOT_RECORDED	MISSING	MISSING	MISSING_LOCAL_SCORE	MISSING	NOT_COMPLETE	NO_LOCAL_BEST; OFFICIAL_BEST=V003	MISSING	SUBMITTED_RESULT_RETAINED; no current queue row	6ab2c3580304f72a56a19f58	43.73	-0.96 vs V003	REJECT_BELOW_OFFICIAL_ANCHOR; Official 43.73 < V003 44.69; PASS 15/15	YES;LOCAL_DATA_MISSING	/Users/sunyiyang/Desktop/Project/cann/phase4/workspaces/MIX-A/MIX-A-V004-submission.asc; phase4/online/MIX-A/V004/result.json	source-meta/sidecar; P/C timing; same-binary; exe SHA; Judge-native SHA; review/handoff; calibration	ONLINE_REJECTED	A expands two path families and dispatches; B OFAT FAIL; C V003; D Git/result SHA match, Judge-native SHA missing; E commit above; F remote current tip matches; G/H RC0; I exe SHA missing; J Official 15/15; K shapes/abs error missing; L same-binary missing; M/N/O no local P/C/noise; P no Local Best; Q submitted, no worthy record; R 43.73, -0.96, reject; S no calibration. | MAIN_AUDIT_2026-09-26=result.json submissionId/source SHA match results.tsv and retained source; PASS 15/15; source-meta.json and contemporaneous decision record absent; local score remains missing and calibration remains NO_DATA
MIX-A	V005	2026-09-23	V003 (SHA 1a1857a945ce1f04e3877437882b21a3d5071dddcd697103d7b539a0feb5c706; 44.69)	V003 / 44.69	Only switch in-gate tiny D<=128 path to FastKernel; retain SmallFp32 multi-row path	4c2fd212ad9e7df91d6c488ef1753dd7031142715fee0955d7af465b33e5114f	92f4790a2851cb064211294fa3d178f63b66656d	origin/exec/sixlane-20260923-mix-a; current tip bec6ec455a43103201a3cf32b11e74e25469740b	PASS_FULL_LINK	0	0	MISSING	OFFICIAL_PASS_15_OF_15	15 official cases; shape mapping missing	MISSING; official output error percent=0.0%, not max abs error	NOT_RECORDED	MISSING	MISSING	MISSING_LOCAL_SCORE	MISSING	NOT_COMPLETE	NO_LOCAL_BEST; OFFICIAL_BEST=V003	MISSING	SUBMITTED_RESULT_RETAINED; no current queue row	6ab2c7260304f72a56a2f5d6	44.07	-0.62 vs V003	REJECT_BELOW_OFFICIAL_ANCHOR; Official 44.07 < V003 44.69; PASS 15/15	YES;LOCAL_DATA_MISSING	/Users/sunyiyang/Desktop/Project/cann/phase4/workspaces/MIX-A/MIX-A-V005-submission.asc; phase4/online/MIX-A/V005/result.json	source-meta/sidecar; P/C timing; same-binary; exe SHA; Judge-native SHA; review/handoff; calibration	ONLINE_REJECTED	A tiny in-gate dispatch only; B OFAT PASS; C V003 directly, not V004; D Git/result SHA match; E commit above; F current remote tip matches; G/H RC0; I exe SHA missing; J Official 15/15; K shapes/abs error missing; L same-binary missing; M/N/O no local P/C/noise; P no Local Best; Q submitted; R 44.07, -0.62, reject; S no calibration. | MAIN_AUDIT_2026-09-26=result.json submissionId/source SHA match results.tsv and retained source; PASS 15/15; source-meta.json and contemporaneous decision record absent; local score remains missing and calibration remains NO_DATA
MIX-A	V006	2026-09-23	V003 (SHA 1a1857a945ce1f04e3877437882b21a3d5071dddcd697103d7b539a0feb5c706; 44.69)	V003 / 44.69	Enable ProcessNarrowMidFast only for FP32, localRows==1, D<=128, in-gate	c9cc734d0efbcbbe816e220e1dd68dd592c6b547936e2850a275741fc874edf1	c5e465861826fca54ac570e7fffbd9d94cae8bec	origin/exec/sixlane-20260923-mix-a; current tip bec6ec455a43103201a3cf32b11e74e25469740b	PASS_FULL_LINK	0	0	MISSING	NOT_RECORDED	MISSING	MISSING	NOT_RUN	MISSING (probes=[])	MISSING (probes=[])	MISSING_LOCAL_SCORE	MISSING	NOT_COMPLETE	NO_LOCAL_BEST; OFFICIAL_BEST=V003	NO_EVIDENCE	NOT_SUBMITTED	NONE	NONE	N/A_NOT_SUBMITTED	NOT_SUBMITTED	NO	/Users/sunyiyang/Desktop/Project/cann-sixlane/MIX-A/phase4/local/MIX-A/V006/CURRENT/{source-meta.json,local-result.json,diff.patch,submission.asc,submission.sha256}; phase4/workspaces/MIX-A/MIX-A-V006-submission.asc	NPU correctness; same-binary/timing/noise; review/handoff; executable SHA; Online/Official/calibration	NEEDS_REMEASUREMENT	A single FP32 tiny dispatch gate; B OFAT PASS; C V003; D source/sidecar SHA match; E commit above; F current origin tip matches; G/H RC0; I exe SHA missing; J no NPU correctness record; K shape/abs error missing; L same-binary absent; M/N/O no actual probes; P no Local Best; Q not queued/submitted; R no Official; S no calibration.
MIX-A	V007	2026-09-24	V003 (SHA 1a1857a945ce1f04e3877437882b21a3d5071dddcd697103d7b539a0feb5c706; 44.69)	V003 / 44.69	Remove the first SyncVToMTE2 before Load while keeping localRows==1 dispatch unchanged	a63ad29a997ae2fe8a1238c1a47a9d5ddfb14d16f725fca975ce5c55523f28eb	ae46d7ca9b2ca2d60a27d0fdc430801c13268f0b	origin/exec/sixlane-20260923-mix-a; current tip bec6ec455a43103201a3cf32b11e74e25469740b	PASS_CANDIDATE_AND_UNIFIED_RUNNER	0	0	kernel exe SHA missing; runner=dce996af2ec709219819de3e9ba908f0d41744f2b9820965a1385e080b949110 (not run)	PASS_TARGETED	rows=1,D=256; FP32/FP16/BF16; bad=0	FP32 7.152557e-7; FP16/BF16=0; P/C max abs=0	NOT_RUN	LOCAL_SCORE_INVALID; V003 wall-clock raw medians [109.111,160.601,103.101,128.231] us	LOCAL_SCORE_INVALID; V007 wall-clock raw medians [170.122,111.831,117.011,115.141] us	LOCAL_SCORE_INVALID; recorded +2.61%, mixed pairs, do not infer	MISSING	MEASUREMENT_BLOCKED	NO_LOCAL_BEST; OFFICIAL_BEST=V003	NO	NOT_QUEUED	NONE	NONE	N/A_NOT_SUBMITTED	NOT_SUBMITTED	NO	/Users/sunyiyang/Desktop/Project/cann/phase4/local/MIX-A/V007/{source-meta.json,local-result.json,diff.patch,handoff.md,MAIN-REVIEW.md,submission.asc,submission.sha256,support/results/}; worktree build logs	kernel executable SHA; runner NPU execution; same-binary; valid P/C raw samples/noise; Online/Official/calibration	MEASUREMENT_BLOCKED	A remove one pre-load synchronization; B single-change review PASS; C V003; D source/sidecar/build input hashes match; E ae46d7; F current origin tip matches; G/H candidate and final runner pass; I kernel exe SHA missing, host runner SHA present; J target NPU correctness PASS; K R1/D256 3 dtypes; L runner unexecuted so no same-binary; M/N old contaminated wall-clock samples retained; O recorded +2.61% is invalid; P NEEDS_ONE_MORE_LOCAL, no Local Best; Q not queued/submitted; R no Official; S no calibration. | LIVE_DEVICE_READ=2026-09-26T06:53:18Z; BLOCK_REASON=no eligible card: devices 0-6 HBM 90-91%, devices 0-3 AICore 33-39%, device 4 PID 2999855 VLLMEngineCor memory 55664MB; device 7 excluded by current timing policy; no active lease; DATE=2026-09-26; SHAPE=rows=1,D=256; FP32/FP16/BF16 correctness domain, choose exact probe dtype; DEVICE=none eligible from live query of 0-7; SAME_BINARY_RESULT=same-binary not run; prior wall-clock pairs are contaminated; RETRY_REQUIRED=YES after fresh device query and exact-shape same-binary qualification | CURRENT_DISPOSITION=MEASUREMENT_BLOCKED supersedes prior nonterminal handoff labels; historical measurements retained and contaminated values excluded
DTYPE-SPECIAL-X	V001	2026-09-24	R31B-V011	NONE	FP32 aligned local-copy helpers replace Adds(x,0) with same-type DataCopy; unaligned cases unchanged	e2717055199f541d98d85ceef2e011e52e2749d932ca954dc887868de7db880f	3149023bdc73191eafffdf64f260714bd9916a49	exec/sixlane-20260924-dtype-special-x	PASS_FINAL_BUILD_LINK	0	0	14cdc6cf6f986fd49f92662b4ff180266d0265cafdc0145706e37153b984a90b	PASS_39_OF_39	ranks=2,3,4; widths=1,7,8,9,63,64,65,127,128,129,1024,4096,8192	2.6226044e-06	NOT_RUN; candidate and parent executable SHA differ	MISSING	MISSING	MISSING_LOCAL_SCORE	NOT_ESTABLISHED	MEASUREMENT_BLOCKED	NONE	NO	NOT_QUEUED	NONE	NONE	NONE	NOT_SUBMITTED	NOT_APPLICABLE_NO_OFFICIAL_RESULT	/Users/sunyiyang/Desktop/Project/cann-sixlane/DTYPE-SPECIAL-X/phase4/local/DTYPE-SPECIAL-X/V001	same-binary; valid parent/candidate timing; local noise floor; official result	MEASUREMENT_BLOCKED	Block reason=2026-09-24 device 4 HBM 90%, AICore 0%, VLLMEngineCor process; shape=24 task-domain cases across rank prefixes 2/3/4 and widths 64..32768; same-binary=NOT_RUN; retry=YES after a fresh exclusive device lease. NPU correctness 39/39 PASS; no timing. | LIVE_DEVICE_READ=2026-09-26T06:53:18Z; BLOCK_REASON=no eligible card: devices 0-6 HBM 90-91%, devices 0-3 AICore 33-39%, device 4 PID 2999855 VLLMEngineCor memory 55664MB; device 7 excluded by current timing policy; no active lease; DATE=2026-09-26; SHAPE=24 declared task-domain shapes; representative shape not selected; DEVICE=none eligible from live query of 0-7; SAME_BINARY_RESULT=same-binary not run; RETRY_REQUIRED=YES after fresh device query and exact-shape same-binary qualification | CURRENT_DISPOSITION=MEASUREMENT_BLOCKED supersedes prior nonterminal handoff labels; historical measurements retained and contaminated values excluded
R31B	V001	2026-09-22	R031-derived seed; exact SHA missing	MISSING	FP32 wide channel-panel residency; stage x+residual through output GM	c43c12a87934ae3c2173f48874121c3b7e85947853e595ccdff951a3cd4f1044	e5848d7928d487ef77de1519ec3e9670cd08f089	origin/exec/sixlane-20260923-r31b (revision commit reachable)	PASS	PASS; RC missing	PASS; RC missing	MISSING	OFFICIAL_PASS_15_OF_15	15 official cases; shape map missing	MISSING; Official output error percent 0.0% is not absolute error	MISSING	MISSING	MISSING	MISSING	MISSING	NOT_COMPLETE	MISSING	MISSING	Official result exists; full package missing	6ab200470304f72a563196e2	43.19	MISSING	Official Pass; promotion decision missing	YES;LOCAL_DATA_MISSING	/Users/sunyiyang/Desktop/Project/cann/workspaces/R31B/R31B-V001-WIDE-PANEL-RESIDENT_kernel.asc; compile-server3-link.log; online/R31B/V001/result.json	parent/source identity; local verdict/timing; executable SHA; shape/error detail	HISTORICAL_ONLY	A=panel residency;B=OFAT missing;C=seed missing;D=source/result SHA match;E=e5848d;F=remote reachable;G/H=PASS;I=missing;J=15/15;K=shape/max abs missing;L-M-N=no local data;O=not complete/Local Best unknown;P=submitted, worthy/queue history missing;Q=43.19;R/S=no calibration; promotion unrecorded.
R31B	V002	2026-09-22	V001 (source description)	V001 score 43.19; formal promotion record missing	Cache full y on wide rows to avoid rereading x/residual	6acbac5e28b3f09d74f56e0aed0f2a015069909a0cea205db7cbc85540bbe5b5	7bbe4a304a961e1481bc523ea98c09d2950a51cc	origin/exec/sixlane-20260923-r31b (revision commit reachable)	PASS	PASS; RC missing	PASS; RC missing	MISSING	OFFICIAL_PASS_15_OF_15	15 official cases; shape map missing	MISSING; Official output error percent 0.0% not abs error	MISSING	MISSING	MISSING	MISSING	MISSING	NOT_COMPLETE	MISSING	MISSING	Official result exists; full package missing	6ab22f830304f72a564b6716	43.78	+0.59 vs V001	PROMOTE_BY_AUDIT; Official 43.78 > Direct Parent V001 43.19; PASS 15/15; contemporaneous promote record missing	YES;LOCAL_DATA_MISSING	/Users/sunyiyang/Desktop/Project/cann/workspaces/R31B/R31B-V002-WIDE-FULL-Y-CACHE_kernel.asc; compile-v002-server3.log; online/R31B/V002/result.json	local verdict/timing; executable SHA; official case mapping; formal decision	ONLINE_PROMOTED	A=full-y cache;B=single change intent, audit missing;C=V001;D=source/result SHA match;E=7bbe4a;F=remote reachable;G/H=PASS;I=missing;J=15/15;K=shape/max abs missing;L-M-N=no local data;O=not complete/Local Best unknown;P=submitted;Q=43.78;R/S=no calibration; formal promotion missing. | MAIN_AUDIT_2026-09-26=result.json submissionId/source SHA match results.tsv and retained source; PASS 15/15; source-meta.json and contemporaneous decision record absent; local score remains missing and calibration remains NO_DATA
R31B	V003	2026-09-22	V002	V002 score 43.78; formal promotion record missing	UB-budgeted full-y multi-row residency and parameter reuse	c883129ffecd76777e6275ea55acbabb8a955089fdb79f4864c31e17b667ab96	d467de98ec7b21c9b88e9300662543392354fa5c	origin/exec/sixlane-20260923-r31b (revision commit reachable)	PASS	PASS; RC missing	PASS; RC missing	MISSING	OFFICIAL_PASS_15_OF_15	15 official cases; shape map missing	MISSING; Official output error percent 0.0% not abs error	MISSING	MISSING	MISSING	MISSING	MISSING	NOT_COMPLETE	MISSING	MISSING	Official result exists; full package missing	6ab28a3e0304f72a56843b84	43.68	-0.10 vs V002	REJECT_BY_AUDIT; Official 43.68 < Direct Parent V002 43.78; PASS 15/15; contemporaneous reject record missing	YES;LOCAL_DATA_MISSING	/Users/sunyiyang/Desktop/Project/cann/workspaces/R31B/R31B-V003-WIDE-FULL-Y-MULTIROW_kernel.asc; compile-v003-server3.log; online/R31B/V003/result.json	local verdict/timing; executable SHA; official case mapping; formal decision	ONLINE_REJECTED	A=full-y multi-row;B=OFAT audit missing;C=V002;D=source/result SHA match;E=d467de;F=remote reachable;G/H=PASS;I=missing;J=15/15;K=shape/max abs missing;L-M-N=no local data;O=no Local Best;P=submitted;Q=43.68;R/S=no calibration. | MAIN_AUDIT_2026-09-26=result.json submissionId/source SHA match results.tsv and retained source; PASS 15/15; source-meta.json and contemporaneous decision record absent; local score remains missing and calibration remains NO_DATA
R31B	V004	2026-09-22	V003	Prior scored result V002=43.78; explicit promote chain missing	Deep batch full-y retention for narrow rows, shared reduction and V/S handoff	80cb1a365c597cf56c978eb7e085b6c6d287b1b2f8ca9ce0cebc07fd9a667557	78e416448376e58e6de7d6dbec3e9c7722bbdfd9	origin/exec/sixlane-20260923-r31b (revision commit reachable)	PASS; Official run Runtime Error	PASS; RC missing	PASS; RC missing	MISSING	OFFICIAL_RUNTIME_ERROR_3_OF_15	T04 error; remaining skipped; shape mapping missing	MISSING; output error percent 100%	MISSING	MISSING	MISSING	MISSING	MISSING	NOT_COMPLETE	MISSING	MISSING	Official result retained	6ab290f40304f72a56883f49	MISSING	MISSING	Runtime Error; formal rejection record missing	YES;OFFICIAL_RESULT_INVALID;LOCAL_DATA_MISSING	/Users/sunyiyang/Desktop/Project/cann/workspaces/R31B/R31B-V004-NARROW-DEEP-BATCH_kernel.asc; compile-v004-server3.log; online/R31B/V004/result.json	local verdict/timing; exe SHA; exact local correctness; formal decision	ONLINE_REJECTED	A=deep batch;B=audit missing;C=V003;D=source/result SHA match;E=78e416;F=remote reachable;G/H=PASS;I=missing;J=Official runtime failure;K=shape/max abs missing;L-M-N=no local data;O=no Local Best;P=submitted;Q=no score;R/S=no calibration.
R31B	V005	2026-09-22	V004 (correctness repair)	Prior scored result V002=43.78; explicit promote chain missing	Repair V004 UB accounting and buffers; fallback to V003 path when unavailable	6f7c6b194c7961cb9702cab414f693b2f00d8e5ddc5984d0ec7e25f440a6ada4	4f5ee0fa29febc2c86236f0490f416ecd62f22f8	origin/exec/sixlane-20260923-r31b (revision commit reachable)	PASS; Official WA and Runtime Error	PASS; RC missing	PASS; RC missing	MISSING	OFFICIAL_WA_AND_RUNTIME_ERROR_2_OF_15	T02 WA; T04 runtime error; remaining skipped	MISSING; T02 error percent 35.025%, not max abs error	MISSING	MISSING	MISSING	MISSING	MISSING	NOT_COMPLETE	MISSING	MISSING	Official result retained	6ab2959b0304f72a568b313b	MISSING	MISSING	Official failures; formal reject record missing	YES;OFFICIAL_RESULT_INVALID;LOCAL_DATA_MISSING	/Users/sunyiyang/Desktop/Project/cann/workspaces/R31B/R31B-V005-NARROW-DEEP-BATCH-FIXED_kernel.asc; compile-v005-server3.log; online/R31B/V005/result.json	local verdict/timing; exe SHA; abs error; formal decision	ONLINE_REJECTED	A=UB/buffer correctness fix;B=same fix concept, audit missing;C=V004;D=source/result SHA match;E=4f5ee0;F=remote reachable;G/H=PASS;I=missing;J=2/15 with WA/runtime;K=abs error missing;L-M-N=no local data;O=no Local Best;P=submitted;Q=no score;R/S=no calibration.
R31B	V006	2026-09-22	V003 (source description: pure V003 plus MTE3 change)	Prior higher score V002=43.78; V003=43.68; PROMOTE record on V006	Increase wide full-y and generic store MTE3 queue depth to 2	09cf918b36a4407030188c0b2c7f69541aa903a0aca757e39c600d34e7f4caec	4596a30f13e78a64c2998e1b2f1fadb50c6d94e6	origin/exec/sixlane-20260923-r31b (revision commit reachable)	PASS	PASS; RC missing	PASS; RC missing	MISSING	OFFICIAL_PASS_15_OF_15	15 official cases; mapping missing	MISSING; Official output error percent 0.0% not abs	MISSING	MISSING	MISSING	MISSING	MISSING	NOT_COMPLETE	MISSING	MISSING	Official result retained	6ab299c90304f72a568da4c2	43.91	+0.13 vs V002; +0.23 vs direct parent V003	PROMOTE; commit labels new Overall Champion	YES;LOCAL_DATA_MISSING	/Users/sunyiyang/Desktop/Project/cann/workspaces/R31B/R31B-V006-MTE3-QUEUE-DEPTH_kernel.asc; compile-v006-server3.log; online/R31B/V006/result.json	local verdict/timing; executable SHA; official shape/error; calibration	ONLINE_PROMOTED	A=MTE3 queue depth;B=single-change audit missing;C=V003;D=source/result SHA match;E=4596a3;F=remote reachable;G/H=PASS;I=missing;J=15/15;K=shape/max abs missing;L-M-N=no local data;O=no Local Best;P=submitted;Q=43.91;R=NO;S=no calibration.
R31B	V007	2026-09-22	V006	V006 / 43.91	Shrink full-y tile to favor at least two resident rows	fb68eb15872228975ca2982b68c72e755e9c577e5508bbf9b4b65de1907d6ee0	018490b1eb07ae7d61c62a1efbb11f171b3f16b3	origin/exec/sixlane-20260923-r31b (revision commit reachable)	PASS	PASS; RC missing	PASS; RC missing	MISSING	OFFICIAL_PASS_15_OF_15	15 official cases; shape map missing	MISSING; Official output error percent 0.0% not abs	MISSING	MISSING	MISSING	MISSING	MISSING	NOT_COMPLETE	MISSING	MISSING	Official result retained	6ab29eb30304f72a56907f42	42.07	-1.84 vs V006	Below promoted anchor	YES;LOCAL_DATA_MISSING	/Users/sunyiyang/Desktop/Project/cann/workspaces/R31B/R31B-V007-FULLY-N2-TILE_kernel.asc; compile-v007-server3.log; online/R31B/V007/result.json	local verdict/timing; exe SHA; official shape/error; formal decision	ONLINE_REJECTED	A=tile shrink;B=isolated intent, audit missing;C=V006;D=source/result SHA match;E=018490;F=remote reachable;G/H=PASS;I=missing;J=15/15;K=shape/max abs missing;L-M-N=no local data;O=no Local Best;P=submitted;Q=42.07;R/S=no calibration.
R31B	V008	2026-09-22	V006	V006 / 43.91	Split D across cores for small row count, stage partials with multiple launches	923e7a16e9cc7ec6497bcbc3f27006f13cfb1bf8edc75a82fb366ed52116741f	65595bb8ed5be2a66b0b226af7e3c4c918371866	origin/exec/sixlane-20260923-r31b (revision commit reachable)	PASS; Official all Runtime Error	PASS; RC missing	PASS; RC missing	MISSING	OFFICIAL_RUNTIME_ERROR_0_OF_15	15 cases runtime failed; mapping missing	MISSING; output error percent 100%	MISSING	MISSING	MISSING	MISSING	MISSING	NOT_COMPLETE	MISSING	MISSING	Official result retained	6ab2a4b00304f72a5693f729	MISSING	MISSING	Official Runtime Error	YES;OFFICIAL_RESULT_INVALID;LOCAL_DATA_MISSING	/Users/sunyiyang/Desktop/Project/cann/workspaces/R31B/R31B-V008-DSLICE-SMALL-R_kernel.asc; compile-v008-server3.log; online/R31B/V008/result.json	local verdict/timing; exe SHA; exact error; formal decision	ONLINE_REJECTED	A=cross-core D-slice;B=one structural concept, audit missing;C=V006;D=source/result SHA match;E=65595b;F=remote reachable;G/H=PASS;I=missing;J=0/15;K=shape/max abs missing;L-M-N=no local data;O=no Local Best;P=submitted;Q=no score;R/S=no calibration.
R31B	V009	2026-09-23	V006	V006 / 43.91	Two-deep MTE2 input queue for FP32 wide full-y pass	d8c6e5cf2c8e6fe7a6f72cc74acb1e9a48d968b7426078ed56d0414a6ae8544a	542a3bce333600756ac0b3e7fe8eb6a537950318	origin/exec/sixlane-20260923-r31b (revision commit reachable)	PASS	PASS; RC missing	PASS; RC missing	MISSING	OFFICIAL_PASS_15_OF_15	15 official cases; mapping missing	MISSING; Official output error percent 0.0% not abs	MISSING	MISSING	MISSING	MISSING	MISSING	NOT_COMPLETE	MISSING	MISSING	Official result retained	6ab2a7fd0304f72a5695f4fe	43.81	-0.10 vs V006	Below promoted anchor	YES;LOCAL_DATA_MISSING	/Users/sunyiyang/Desktop/Project/cann/workspaces/R31B/R31B-V009-MTE2-QUEUE-DEPTH_kernel.asc; compile-v009-server3.log; online/R31B/V009/result.json	local verdict/timing; exe SHA; official shape/error	ONLINE_REJECTED	A=MTE2 queue depth;B=OFAT audit missing;C=V006;D=source/result SHA match;E=542a3b;F=remote reachable;G/H=PASS;I=missing;J=15/15;K=shape/max abs missing;L-M-N=no local data;O=no Local Best;P=submitted;Q=43.81;R/S=no calibration.
R31B	V010	2026-09-23	V006	V006 / 43.91	Add parallel input/parameter MTE2 groups for D in (128,4096]	84e0742de94a8fa80252bc940f6c243811e310f30fcfca62c326169821c4cea4	db6b562f426a5fe145060878017ae5b07a60ac45	origin/exec/sixlane-20260923-r31b (revision commit reachable)	PASS	PASS; RC missing	PASS; RC missing	MISSING	OFFICIAL_PASS_15_OF_15	15 official cases; mapping missing	MISSING; Official output error percent 0.0% not abs	MISSING	MISSING	MISSING	MISSING	MISSING	NOT_COMPLETE	MISSING	MISSING	Official result retained	6ab2ac460304f72a56983e6e	43.91	0.00 vs V006	Equal anchor; no PROMOTE evidence	YES;LOCAL_DATA_MISSING	/Users/sunyiyang/Desktop/Project/cann/workspaces/R31B/R31B-V010-N-MID-OVERLAP_kernel.asc; compile-v010-server3.log; online/R31B/V010/result.json	local verdict/timing; exe SHA; official shape/error	ONLINE_REJECTED	A=mid MTE2 overlap;B=single-bucket intent, audit missing;C=V006;D=source/result SHA match;E=db6b56;F=remote reachable;G/H=PASS;I=missing;J=15/15;K=shape/max abs missing;L-M-N=no local data;O=no Local Best;P=submitted;Q=43.91 tie;R/S=no calibration.
R31B	V011	2026-09-23	V010	V006 43.91 (route Official Best before V011; source-meta direct parent V010=43.91)	Add low-precision wide-row pipeline to V010; preserve math order	a8c19a1972207acc67e3fb0cd393cc70b0a4b183d1eaf5610edf80c2879b15e3	43a1049a1e08e518c88e354a754fdebb85a96f99	origin/exec/sixlane-20260923-r31b; revision commit reachable	PASS	PASS; numeric RC MISSING	PASS; numeric RC MISSING	MISSING	OFFICIAL_PASS_15_OF_15; Official max output error percent=0.0%; shape mapping MISSING	15 Official cases; shape mapping MISSING	MISSING; only Official output error percent=0.0% retained	MISSING	MISSING	MISSING	MISSING_LOCAL_SCORE	NOT_ESTABLISHED	NOT_COMPLETE	NO_LOCAL_BEST_ESTABLISHED	NOT_ASSESSABLE_HISTORICAL	SUBMITTED; exact package retained	6ab2c10c0304f72a56a0c5cb	45.16	+1.25 vs route Official anchor V006=43.91	PROMOTE (source-meta)	YES;LOCAL_DATA_MISSING	phase4/online/R31B/V011/result.json; source-meta.json; submission.asc; submission.sha256; diff.patch; phase4/workspaces/R31B/compile-v011-server3.log	local paired timing/verdict; executable SHA; Official shape/error detail; Judge-native source digest	ONLINE_PROMOTED	Exact Git blob and submission source identity verified; SINGLE_CHANGE_AUDIT=PASS; no local P/C or same-binary evidence; calibration backfilled as no local performance data.
R31B	V012	2026-09-23	V011 (parent metadata missing; source diff supports)	V011 / 45.16	Add two-deep MTE2 input and parameter pipeline for FP32 wide rows	f2dddb6d046c47e324bab43d052bdf04b6c77cc305e4248431f34f5bf9eebc85	fcd1bf1c5cfe69e7df0ca5cc990732811460ab4d	origin/exec/sixlane-20260923-r31b (revision commit reachable)	PASS	PASS; RC missing	PASS; RC missing	MISSING	OFFICIAL_PASS_15_OF_15	15 official cases; map missing	MISSING; Official error percent 0.0% not abs	MISSING	MISSING	MISSING	MISSING	MISSING	NOT_COMPLETE	MISSING	MISSING	Official result retained	6ab2c4e50304f72a56a22f31	45.14	-0.02 vs V011	Below promoted anchor; formal record missing	YES;LOCAL_DATA_MISSING	/Users/sunyiyang/Desktop/Project/cann/workspaces/R31B/R31B-V012-FP32-ROW-PIPELINE_kernel.asc; compile-v012-server3.log; online/R31B/V012/result.json	parent meta; local verdict/timing; exe SHA; official shape/error	ONLINE_REJECTED	A=FP32 row pipeline;B=diff scoped, audit missing;C=V011 by diff;D=source/result SHA match;E=fcd1bf;F=remote reachable;G/H=PASS;I=missing;J=15/15;K=details missing;L-M-N=no local data;O=no Local Best;P=submitted;Q=45.14;R/S=no calibration.
R31B	V013	2026-09-23	V011 (parent metadata missing; source diff supports)	V011 / 45.16	Add midwide generic overlap stream; retain parameter residency	aacf6bcfe1075efead958526ac1d68da86accd46516f8cdbcf640613ef8ea605	de150886e216f37f6de1386cfe4c1682b07b38a7	origin/exec/sixlane-20260923-r31b (revision commit reachable)	PASS	PASS; RC missing	PASS; RC missing	MISSING	OFFICIAL_PASS_15_OF_15	15 official cases; map missing	MISSING; Official error percent 0.0% not abs	MISSING	MISSING	MISSING	MISSING	MISSING	NOT_COMPLETE	MISSING	MISSING	Official result retained	6ab2c7e70304f72a56a33bcb	45.07	-0.09 vs V011	Below promoted anchor; formal record missing	YES;LOCAL_DATA_MISSING	/Users/sunyiyang/Desktop/Project/cann/workspaces/R31B/R31B-V013-MIDWIDE-OVERLAP_kernel.asc; compile-v013-server3.log; online/R31B/V013/result.json	parent meta; local verdict/timing; exe SHA; official shape/error	ONLINE_REJECTED	A=midwide overlap;B=diff reverts V012-only pipeline; C=V011 by diff;D=source/result SHA match;E=de1508;F=remote reachable;G/H=PASS;I=missing;J=15/15;K=details missing;L-M-N=no local data;O=no Local Best;P=submitted;Q=45.07;R/S=no calibration.
R31B	V014	2026-09-23	V011 (source comment)	V011 / 45.16	Raise aligned high-row small-D batch cap 8 to 32 within value-cache bound	a5c90251512a2cadd77e2c012bba772a0d002d938917eb6834d2113476691aa5	bf329ac5d9b3537f1b9ba2ab5a8d1572e4c72a38	origin/exec/sixlane-20260923-r31b (revision commit reachable)	PASS_BUILD_ONLY	PASS; numeric RC MISSING	PASS; numeric RC MISSING	MISSING	NOT_RECORDED	NOT_RECORDED	MISSING	NOT_RUN	MISSING_LOCAL_SCORE	MISSING_LOCAL_SCORE	MISSING_LOCAL_SCORE	NOT_ESTABLISHED	NOT_COMPLETE	NO_LOCAL_BEST_ADVANCE	NO	NOT_SUBMITTED	NONE	NONE	NONE	NOT_SUBMITTED	NOT_APPLICABLE_NO_OFFICIAL_RESULT	phase4/workspaces/R31B/R31B-V014-TINY-DEEP-BATCH_kernel.asc; configure-v014-server3.log; compile-v014-server3.log	NPU correctness; same-binary; paired local timing/noise; executable SHA; Official result	NEEDS_REMEASUREMENT	Server3 configure/compile evidence is build-only; no correctness, same-binary qualification, latency sample, or Online submission.
R31B	V015	2026-09-23	V011 (source comment)	V011 / 45.16	Add FP32 single-row mid-width dispatch branch using ProcessNarrowMidOverlap	4fa04c27648420b613943a73e75e4d4d55ef9b73bc5b37986d01b30d19dc4de8	3f86984819d81a98d760d0b4840cff160e96e94b	origin/exp/independent-breadth (retained original source); route=origin/exec/sixlane-20260923-r31b	NO_SERVER3_BUILD; local configure failed because cmake was unavailable	NOT_RUN	NOT_RUN	MISSING	NOT_RUN	NOT_RUN	MISSING	NOT_RUN	MISSING_LOCAL_SCORE	MISSING_LOCAL_SCORE	MISSING_LOCAL_SCORE	NOT_ESTABLISHED	MEASUREMENT_BLOCKED	NONE; OFFICIAL_BEST=V011	NO; source review found no distinct operation for the added predicate	NOT_QUEUED	NONE	NONE	NONE	NOT_SUBMITTED	NOT_APPLICABLE_NO_OFFICIAL_RESULT	phase4/workspaces/R31B/R31B-V015-AGGRESSIVE-FP32-MIDMODE_kernel.asc; compile_adapter_v015.asc; configure-v015-local.log; local-probe-v015-load-evidence.txt	server3 build/link; NPU correctness; same-binary; paired local timing; Official result	MEASUREMENT_BLOCKED	Block reason=local cmake unavailable and no NPU workload; date=2026-09-23; shape=FP32 single-row, 128<D<=4096; device snapshot=all 8 server3 devices had processes and 59.876-65.439 GB HBM allocated; same-binary=NOT_RUN; retry=NO because source review found the predicate already uses V011's ProcessNarrowMidOverlap path. No performance result. | ASSET_RETENTION_2026-09-26=original canonical files committed without changing source bytes; canonical HEAD and origin matched fa0794f991d3d23279f7e765ae5175a75834d002; no new compile, correctness, or timing claimed for this historical revision
R31B	V016	2026-09-24/25	V011	V011 / 45.16	FP16/BF16 wide-row initial full-y tile 4096 to 8192; FP32 unchanged	9f5c353e65a13a740fe97dc7e6415df032d27560831a3ad142c77592b8208eb5	cb01151ed5f98c110fdbecc1168448a794c1230d	origin/exec/sixlane-20260923-r31b (revision commit reachable)	Candidate clean build/link PASS; paired runner repaired after failed attempt	Candidate PASS; RC missing; initial runner gmake RC=2	PASS; RC missing	device alink=1d3b02d854ca15ebbab11328c77ec1319015c7e98d2dbe00ef77d59d8f005995; submission alink=ff0784ac91b18191e838d167cdf5ebc0a371faa9f8e9fec966e53c2625b6d4eb; runner ELF=6e9337a2c1bf4e9c74db56f55d90fd5eb233fdb7f6f4d189265b0a8f80cdd7fc	Changed FP16/BF16 domains PASS; FP32 D16384 parent and candidate both fail	FP16/BF16 rows2 D8192/12288/16384/32768 pass; FP32 D8192 pass; D16384 both fail	max changed-domain abs 0.0078125; FP32 D16384 parent=0.0964607,candidate=0.092531443	NOT_RUN	FP16 D12288=69.290us;D32768=235.411us;BF16 D12288=122.900us;D32768=151.020us	FP16 D12288=226.191us;D32768=207.590us;BF16 D12288=162.820us;D32768=206.721us	four pair deltas +156.901,-27.821,+39.920,+55.701 us; LOCAL_SCORE_INVALID, LOAD_CONTAMINATED	MISSING; each pair n=3	MEASUREMENT_BLOCKED	MISSING; no LOCAL_ACCEPTED	NO	Not queued or submitted	NONE	NONE	NONE	NOT_SUBMITTED	NO	/Users/sunyiyang/Desktop/Project/cann/phase4/local/R31B/V016/MAIN-REVIEW.md; source-meta.json; submission.sha256; compile/correctness/local-probe evidence; paired runner logs	exact-shape same-binary on 4 pairs; clean device lease; valid paired timing/noise	MEASUREMENT_BLOCKED	Block reason=no clean lease and old P/C load contaminated; date=2026-09-25; shapes FP16/BF16 D12288/32768; device=none leased (historical device IDs not tied cleanly); same-binary=NOT_RUN; retry=per-shape same-binary then interleaved P/C. A=lowp wide tile;B=Main SINGLE_CHANGE_AUDIT PASS;C=V011;D=source/sidecar matches;E=cb01151;F=remote reachable;G/H candidate and runner pass;I alink/ELF identities;J change-domain correctness pass;K raw metrics/errors retained;L same-binary absent;M/N/O contaminated pairs, no decision;P NEEDS_ONE_MORE_LOCAL;Q no submission;R/S no official/calibration. | LIVE_DEVICE_READ=2026-09-26T06:53:18Z; BLOCK_REASON=no eligible card: devices 0-6 HBM 90-91%, devices 0-3 AICore 33-39%, device 4 PID 2999855 VLLMEngineCor memory 55664MB; device 7 excluded by current timing policy; no active lease; DATE=2026-09-26; SHAPE=FP16/BF16 D=8192,12288,16384,32768; qualify each shape separately; DEVICE=none eligible from live query of 0-7; SAME_BINARY_RESULT=same-binary not run; prior short contaminated pairs do not qualify; RETRY_REQUIRED=YES after fresh device query and exact-shape same-binary qualification | CURRENT_DISPOSITION=MEASUREMENT_BLOCKED supersedes prior nonterminal handoff labels; historical measurements retained and contaminated values excluded
R31A	V001	2026-09-22	V000 seed; SHA missing	MISSING	Full multimode rewrite	30f812720078735effad094dd2e8f3fd08d8087d1f5c82ecff3c68011a2d03ff	26ecbcda9e73d8f8fee33700efcdbcf85291c81a	origin/exec/sixlane-20260923-r31a	Official Compile Error; local compile failed	2	link not reached	MISSING	COMPILE_ERROR	0/15; no correctness run	MISSING	MISSING	NA	NA	MISSING_LOCAL_SCORE	MISSING	BUILD_FAILED	MISSING	MISSING	Formal result exists; no queue evidence	6ab1e0de0304f72a5621670c	MISSING	MISSING	Compile Error; no score	YES;OFFICIAL_RESULT_INVALID;LOCAL_DATA_MISSING	/Users/sunyiyang/Desktop/Project/cann/phase4/online/R31A/V001/result.json; phase4/workspaces/R31A/R31A-V001-submitted.asc; compile.log	V000 source SHA; executable; correctness shapes; local timing	BUILD_FAILED	A=multimode rewrite;B=multi-mechanism, not OFAT;C=V000;D=Judge input SHA present;E=26ec;F=failed RC2;G=not linked;H/I=none;J/K=not run;L/M/O=no local data;N=BUILD_FAILED;P=submitted despite compile error;Q=ID recorded;R=no score;S=no calibration. Judge failed on redefined TensorInfo/TensorGroupInfo.
R31A	V002	2026-09-22	V001	MISSING_FIRST_VALID_OFFICIAL	Remove Judge ABI type definitions; preserve compute body	e22188efbb916803b34a427cb353a29fc83494a7b22dec249981ae1acd0155ba	558dc35bc66b1e6d88db242ef1345517515f0d2b	origin/exec/sixlane-20260923-r31a	Official PASS 15/15; local compile log empty	MISSING	MISSING	MISSING	OFFICIAL_PASS_15_OF_15	15 official tests; shape mapping absent	MISSING; Judge error percent 0 is not max abs	MISSING	NA	NA	MISSING_LOCAL_SCORE	MISSING	NOT_COMPLETE	MISSING	MISSING	Submitted result retained	6ab1f4010304f72a562b2493	43.87	FIRST_VALID_ROUTE_SCORE	First valid R31A Official result; explicit decision missing	YES;LOCAL_DATA_MISSING	/Users/sunyiyang/Desktop/Project/cann/phase4/online/R31A/V002/result.json; phase4/workspaces/R31A/R31A-V002-submission.asc	local build/link RC; ELF SHA; shape mapping; local P/C/noise	HISTORICAL_ONLY	A=ABI compatibility;B=non-performance fix;C=V001;D=Official SHA present;E=558dc3;F=local RC missing;G=missing;H=missing;I=15/15;J=shape missing;K-N=no local evidence;O=Local Best unproven;P=submitted;Q=43.87;R=first valid score;S=no calibration.
R31A	V003	2026-09-22	V002	43.87 (V002)	FP32 batch tile 6112 to 5760	02e07f285216ee9155610b1c10755fb2c3cb9b753bcd0cd1d0abdd2b18eaa2c1	066badca31c12599cc8b82511f5874c02a8a10f9	origin/exec/sixlane-20260923-r31a	Local target build PASS; Official PASS	MISSING	MISSING	MISSING	OFFICIAL_PASS_15_OF_15	15 cases; case-shape map missing	MISSING; Judge error percent 0 not max abs	MISSING	NA	NA	MISSING_LOCAL_SCORE	MISSING	NOT_COMPLETE	MISSING	MISSING	Submitted	6ab236600304f72a564f8f28	43.16	-0.71	REJECT_BELOW_ANCHOR	YES;LOCAL_DATA_MISSING	/Users/sunyiyang/Desktop/Project/cann/phase4/online/R31A/V003/result.json; workspaces/R31A/compile-v003.log	local ELF; same-binary; local raw P/C	ONLINE_REJECTED	A=tile shrink;B=single parameter;C=V002;D=source SHA matches Official;E=066bad;F=PASS, numeric RC missing;G=Official build passed, local ELF missing;H=missing;I=15/15;J=shape missing;K-N=no local evidence;O=no Local Best;P=submitted;Q=43.16;R=-0.71 reject;S=no calibration.
R31A	V004	2026-09-22	V003 (diff changes comment only)	43.87 (V002 official best)	Same 5760 tile; no distinct compute mechanism	90e8c7ee5fc2778c8435f2044fbbf20ec3b136ba25e15bac123177cd9d14c00b	f1ad8d5b8f439213a6d4a3ae83dc7e5b4e4bbc92	origin/exec/sixlane-20260923-r31a	Local target build PASS; no Official result	MISSING	MISSING	MISSING	MISSING	MISSING	MISSING	MISSING	NA	NA	MISSING_LOCAL_SCORE	MISSING	NOT_COMPLETE	MISSING	MISSING	No submission evidence	NONE	NONE	NONE	NOT_SUBMITTED	NO	/Users/sunyiyang/Desktop/Project/cann/phase4/workspaces/R31A/R31A-V004-submission.asc; compile-v004.log; diff to V003	Official result; executable; correctness; local timing	HISTORICAL_ONLY	A=tile config repeats V003;B=comment-only diff, no performance change;C=V003;D=source SHA present;E=f1ad;F=PASS;G=link missing;H/I/J/K=MISSING;L-M-N=no local data;O=no Local Best;P/Q=no formal submission;R/S=no Official/calibration.
R31A	V005	2026-09-22	V002	43.87 (V002)	FP32 wide D<=32768 full-y cache	3c8c14417aed243a62e1aba56aa3cd0f17408f54a515fc9f7911b550e0044838	5343687b0c3156d80892f7c058125c6c4d0a1f58	origin/exec/sixlane-20260923-r31a	Local compile/link target PASS; Official PASS	MISSING	0 (alink log)	MISSING	OFFICIAL_PASS_15_OF_15	15 cases; shape map absent	MISSING; Judge output error percent 0 not max abs	MISSING	NA	NA	MISSING_LOCAL_SCORE	MISSING	NOT_COMPLETE	MISSING	MISSING	Submitted	6ab2897f0304f72a5683bdd9	43.60	-0.27	REJECT_BELOW_ANCHOR	YES;LOCAL_DATA_MISSING	/Users/sunyiyang/Desktop/Project/cann/phase4/online/R31A/V005/result.json; workspaces/R31A/compile-v005*.log; R31A-V005-submission.asc	local ELF; same-binary; P/C	ONLINE_REJECTED	A=FP32 full-y cache;B=single path intent;C=V002;D=source SHA matches Official;E=534368;F=PASS;G=alink RC0;H=missing;I=15/15;J=shape missing;K-N=no local evidence;O=no Local Best;P=submitted;Q=43.60;R=-0.27 reject;S=no calibration.
R31A	V006	2026-09-22	V002	43.87 (V002)	Narrow-row per-row V/S fold mean-eps-sqrt	b2f095e7db471d12c1aee96ed5e069615f9240b3a1f0b0f819372f7c59752201	a1774f94b043bdceef860a8d8e830ec2dfffe159	origin/exec/sixlane-20260923-r31a	Local compile target PASS; Official PASS	MISSING	MISSING; link log empty	MISSING	OFFICIAL_PASS_15_OF_15	15 cases; shapes absent	MISSING; Judge error percent 0 not abs error	MISSING	NA	NA	MISSING_LOCAL_SCORE	MISSING	NOT_COMPLETE	MISSING	MISSING	Submitted	6ab28c0b0304f72a56854868	43.77	-0.10	REJECT_BELOW_ANCHOR	YES;LOCAL_DATA_MISSING	/Users/sunyiyang/Desktop/Project/cann/phase4/online/R31A/V006/result.json; compile-v006.log; compile-v006-link.log	local link/ELF; same-binary; P/C	ONLINE_REJECTED	A=narrow-row V/S fold;B=single path;C=V002;D=SHA matches Official;E=a177;F=PASS;G=link RC missing;H=missing;I=15/15;J=shape missing;K-N=no local evidence;O=no Local Best;P=submitted;Q=43.77;R=-0.10 reject;S=no calibration.
R31A	V007	2026-09-22	V002	43.87 (V002)	BF16 wide dual-buffer pipeline	989524a3c38f2e828ffcebe0ffa236cdbd79feefab9fd7a98ae0e14628fe45d2	0f3618759364b5e14afbcae717dd847b5f1a35df	origin/exec/sixlane-20260923-r31a	Local compile target PASS; Official PASS	MISSING	MISSING; link log empty	MISSING	OFFICIAL_PASS_15_OF_15	15 cases; shapes absent	MISSING; Judge error percent 0 not abs	MISSING	NA	NA	MISSING_LOCAL_SCORE	MISSING	NOT_COMPLETE	MISSING	MISSING	Submitted	6ab28f230304f72a56870e94	43.65	-0.22	REJECT_BELOW_ANCHOR	YES;LOCAL_DATA_MISSING	/Users/sunyiyang/Desktop/Project/cann/phase4/online/R31A/V007/result.json; compile-v007*.log; R31A-V007-submission.asc	local ELF; same-binary; P/C	ONLINE_REJECTED	A=BF16 dual buffer;B=single pipeline intent;C=V002;D=SHA matches Official;E=0f361;F=PASS;G=link log empty;H=missing;I=15/15;J=shape missing;K-N=no local evidence;O=no Local Best;P=submitted;Q=43.65;R=-0.22 reject;S=no calibration.
R31A	V008	2026-09-22	V006	43.87 (V002)	Narrow-row single-tile setup collapse	98e14358458eeece0f8dc91b352878dcc5d18df9eb3ca6f1528acc2da369cfa3	7c7e5941f0222a5535c44ffd5b46492f64cd3749	origin/exec/sixlane-20260923-r31a	Local compile target PASS; Official PASS	MISSING	MISSING; link log empty	MISSING	OFFICIAL_PASS_15_OF_15	15 cases; shape map missing	MISSING	MISSING	NA	NA	MISSING_LOCAL_SCORE	MISSING	NOT_COMPLETE	MISSING	MISSING	Submitted	6ab291bf0304f72a5688bbb4	42.79	-1.08	REJECT_BELOW_ANCHOR	YES;LOCAL_DATA_MISSING	/Users/sunyiyang/Desktop/Project/cann/phase4/online/R31A/V008/result.json; compile-v008*.log; R31A-V008-submission.asc	local ELF; same-binary; P/C	ONLINE_REJECTED	A=setup collapse;B=single;C=V006;D=SHA matches Official;E=7c7e;F=PASS;G=link log empty;H=missing;I=15/15;J=shape missing;K-N=no local evidence;O=no Local Best;P=submitted;Q=42.79;R=-1.08 reject;S=no calibration.
R31A	V009	2026-09-22	V002	43.87 (V002)	FP32 tiny R1-only setup collapse	5b05ebd347e0dc19e5f187e5c19c9929f96d0786309ee22afddcc789bb38d280	243bc81970663cf2b62da2710b5a563ccb38ca88	origin/exec/sixlane-20260923-r31a	Local compile target PASS; Official PASS	MISSING	MISSING; link log empty	MISSING	OFFICIAL_PASS_15_OF_15	15 cases; shape map absent	MISSING	MISSING	NA	NA	MISSING_LOCAL_SCORE	MISSING	NOT_COMPLETE	MISSING	MISSING	Submitted	6ab294d60304f72a568aca68	42.97	-0.90	REJECT_BELOW_ANCHOR	YES;LOCAL_DATA_MISSING	/Users/sunyiyang/Desktop/Project/cann/phase4/online/R31A/V009/result.json; compile-v009*.log; R31A-V009-submission.asc	local ELF; same-binary; P/C	ONLINE_REJECTED	A=tiny R1 setup;B=single;C=V002;D=SHA matches Official;E=243bc;F=PASS;G=link log empty;H=missing;I=15/15;J=shape missing;K-N=no local evidence;O=no Local Best;P=submitted;Q=42.97;R=-0.90 reject;S=no calibration.
R31A	V010	2026-09-22	V002	43.87 (V002)	Mid-size MTE2 overlap	a278140192fefb1de185eeeb504e9b5f13e9f793d77ccf1f661986e4e6bd20b9	adf5fbbc12976e7115ebd7fca6ca26c1a3717c87	origin/exec/sixlane-20260923-r31a	Local compile/link artifacts and Official PASS	MISSING	PASS; numeric RC absent	MISSING	OFFICIAL_PASS_15_OF_15	15 cases; shape map absent	MISSING	MISSING	NA	NA	MISSING_LOCAL_SCORE	MISSING	NOT_COMPLETE	MISSING	MISSING	Submitted	6ab29b5e0304f72a568e8db3	44.09	+0.22	PROMOTE; new Overall Champion	YES;LOCAL_DATA_MISSING	/Users/sunyiyang/Desktop/Project/cann/phase4/online/R31A/V010/result.json; compile/link logs; R31A-V010-submission.asc	local ELF; same-binary; P/C	ONLINE_PROMOTED	A=mid-size MTE2 overlap;B=single;C=V002;D=SHA matches Official;E=adf5;F=build PASS;G=link artifact PASS;H=missing;I=15/15;J=shape missing;K-N=no local data;O=no Local Best;P=submitted;Q=44.09;R=+0.22 PROMOTE;S=no calibration.
R31A	V011	2026-09-22	V010	44.09 (V010)	FP32 few-row wide D-slice	17bb2f9e3083413960e602f3431354991444d4f6804ee3a09e02c25a5914080c	1623f97b0fb233c61b34ffc13abb1804de848f2d	origin/exec/sixlane-20260923-r31a	Local compile/link artifact PASS; Official PASS	MISSING	PASS; numeric RC absent	MISSING	OFFICIAL_PASS_15_OF_15	15 cases; shape map absent	MISSING	MISSING	NA	NA	MISSING_LOCAL_SCORE	MISSING	NOT_COMPLETE	MISSING	MISSING	Submitted	6ab2a3200304f72a5693233a	42.18	-1.91	REJECT_BELOW_ANCHOR	YES;LOCAL_DATA_MISSING	/Users/sunyiyang/Desktop/Project/cann/phase4/online/R31A/V011/result.json; compile/link logs; R31A-V011-submission.asc	local ELF; same-binary; P/C	ONLINE_REJECTED	A=D-slice;B=single;C=V010;D=SHA match;E=1623;F=PASS;G=link artifact PASS;H=missing;I=15/15;J=shape missing;K-N=no local data;O=no Local Best;P=submitted;Q=42.18;R=-1.91 reject;S=no calibration.
R31A	V012	2026-09-23	V010	44.09 (V010)	Merge tiny-mid paths	f4539244255e237d777d9622370fe2119a29671894b06ddc764db65f9dceeae1	c696fb3db8ac7315cc2de3c093a15753153b740e	origin/exec/sixlane-20260923-r31a	Local compile/link artifacts PASS; Official PASS	MISSING	PASS; numeric RC absent	MISSING	OFFICIAL_PASS_15_OF_15	15 cases; map absent	MISSING	MISSING	NA	NA	MISSING_LOCAL_SCORE	MISSING	NOT_COMPLETE	MISSING	MISSING	Submitted	6ab2aa670304f72a56973f4b	44.05	-0.04	REJECT_BELOW_ANCHOR	YES;LOCAL_DATA_MISSING	/Users/sunyiyang/Desktop/Project/cann/phase4/online/R31A/V012/result.json; build/link logs; R31A-V012-submission.asc	local ELF; same-binary; P/C	ONLINE_REJECTED	A=tiny-mid merge;B=combined path mechanism;C=V010;D=SHA match;E=c696;F/G=artifacts PASS;H=missing;I=15/15;J=shape missing;K-N=no local data;O=no Local Best;P=submitted;Q=44.05;R=-0.04 reject;S=no calibration.
R31A	V013	2026-09-23	V012	44.09 (V010)	BF16 wide PIPE2	b859a04fe2241babe3bfb86d767c6ddd07e247cf30109e88d0281ee4a24e4b6f	d7cac20ed53bc9ec2d62c69033308b16636273d5	origin/exec/sixlane-20260923-r31a	Local compile/link artifacts PASS; Official PASS	MISSING	PASS; numeric RC absent	MISSING	OFFICIAL_PASS_15_OF_15	15 cases; map absent	MISSING	MISSING	NA	NA	MISSING_LOCAL_SCORE	MISSING	NOT_COMPLETE	MISSING	MISSING	Submitted	6ab2bd330304f72a569f6f09	44.70	+0.61	PROMOTE; new Overall Champion	YES;LOCAL_DATA_MISSING	/Users/sunyiyang/Desktop/Project/cann/phase4/online/R31A/V013/result.json; build/link logs; R31A-V013-submission.asc	local ELF; same-binary; P/C	ONLINE_PROMOTED	A=BF16 PIPE2;B=single dtype path;C=V012;D=SHA match;E=d7cac;F/G=artifact PASS;H=missing;I=15/15;J=shape missing;K-N=no local;O=no Local Best;P=submitted;Q=44.70;R=+0.61 PROMOTE;S=no calibration.
R31A	V014	2026-09-23	V013	44.70 (V013)	FP32 wide PIPE3 depth 3	a3dfca51eb2c6392f184f18875752b7f75455807331958ddfe99cb6cfa512bc8	acce83209cd74f87ba84077f74fbd8b2045a965e	origin/exec/sixlane-20260923-r31a	Local compile/link artifacts PASS; Official PASS	MISSING	PASS; numeric RC absent	MISSING	OFFICIAL_PASS_15_OF_15	15 cases; map absent	MISSING	MISSING	NA	NA	MISSING_LOCAL_SCORE	MISSING	NOT_COMPLETE	MISSING	MISSING	Submitted	6ab2c1ca0304f72a56a11039	44.25	-0.45	REJECT_BELOW_ANCHOR	YES;LOCAL_DATA_MISSING	/Users/sunyiyang/Desktop/Project/cann/phase4/online/R31A/V014/result.json; build/link logs; R31A-V014-submission.asc	local ELF; same-binary; P/C	ONLINE_REJECTED	A=FP32 PIPE3;B=single pipeline;C=V013;D=SHA match;E=acce;F/G=artifact PASS;H=missing;I=15/15;J=shape missing;K-N=no local;O=no Local Best;P=submitted;Q=44.25;R=-0.45 reject;S=no calibration.
R31A	V015	2026-09-23	V013	44.70 (V013)	Low-precision wide PIPE3 depth 3	508008a7cf8452834ee3ea6adfffdf840ae7064ae310921c2d9c5ea703370720	83a89e79a13e5b3f7b48a81d8d91c65a7a6f08bb	origin/exec/sixlane-20260923-r31a	Local compile/link artifacts PASS; Official PASS	MISSING	PASS; numeric RC absent	MISSING	OFFICIAL_PASS_15_OF_15	15 cases; map absent	MISSING	MISSING	NA	NA	MISSING_LOCAL_SCORE	MISSING	NOT_COMPLETE	MISSING	MISSING	Submitted	6ab2c6660304f72a56a2b182	44.75	+0.05	PROMOTE; R31A new best	YES;LOCAL_DATA_MISSING	/Users/sunyiyang/Desktop/Project/cann/phase4/online/R31A/V015/result.json; build/link logs; R31A-V015-submission.asc	local ELF; same-binary; P/C	ONLINE_PROMOTED	A=lowp PIPE3;B=single pipeline;C=V013;D=SHA match;E=83a89;F/G=artifact PASS;H=missing;I=15/15;J=shape missing;K-N=no local data;O=no Local Best;P=submitted;Q=44.75;R=+0.05 PROMOTE;S=no calibration.
R31A	V016	2026-09-23	V015	44.75 (V015)	FP32 D32768 full-y dispatch	dd13093823c885e785a650abff4863827e652eb8607ad0621a96eb31b6764fa0	7792a255efdb80013d84b1e2c813388a640f2c3f	origin/exec/sixlane-20260923-r31a	Local compile/alink artifacts PASS; Official PASS	MISSING	PASS; RC absent	MISSING	OFFICIAL_PASS_15_OF_15	15 cases; map absent	MISSING	MISSING	NA	NA	MISSING_LOCAL_SCORE	MISSING	NOT_COMPLETE	MISSING	MISSING	Submitted exact package	6ab2c9790304f72a56a3c465	45.00	+0.25	PROMOTE; Official Best	YES;LOCAL_DATA_MISSING	/Users/sunyiyang/Desktop/Project/cann/phase4/online/R31A/V016/result.json/source-meta.json/submission.asc; build/link logs; calibration.tsv	local P/C; same-binary; ELF SHA; Official case mapping	ONLINE_PROMOTED	A=FP32 D32768 dispatch;B=single;C=V015;D=Online SHA aligned;E=7792;F/G=target/alink PASS;H=missing;I=15/15;J=shape details missing;K-N=no local;O=Local Best unrecorded;P=submitted;Q=45.00;R=+0.25 PROMOTE;S=calibration row has NA local values.
R31A	V017	2026-09-23	V016	45.00 (V016)	FP32 cached-row dispatch boundary D24576..32768	1f60dfc40f280f8fc77cea28ba7eb40685f536eae07ad9b4d89c3e89f598f461	4e3c0ca7de65d9f8cd53c6ef392a1203a09f63c4	origin/exec/sixlane-20260923-r31a	Local target build/link and Official PASS	MISSING	PASS; RC absent	MISSING	OFFICIAL_PASS_15_OF_15	15 cases; map absent	MISSING	MISSING	4.480 s	4.286 s	-0.194 s (-4.33%), LOCAL_SCORE_INVALID; misleading	MISSING	NOT_COMPLETE; invalid local proxy	MISSING	MISSING	Submitted then rejected from pool	6ab2e08b0304f72a56ab568d	44.45	-0.55	REJECT_BELOW_ANCHOR	YES;LOCAL_DATA_INVALID;MISLEADING	/Users/sunyiyang/Desktop/Project/cann/phase4/online/R31A/V017/result.json; control/results.tsv; online-candidate-pool.tsv; local-online-calibration.tsv; build/link logs	raw local samples; same-binary; noise; formal local eligibility	ONLINE_REJECTED	A=dispatch boundary;B=single;C=V016;D=Official SHA matches;E=4e3c;F/G=target build/link pass;H=local ELF missing;I=15/15;J=shape map absent;K=same-binary missing;L/M=aggregated P/C only;N=local -4.33% conflicts Official and marked misleading;O=no Local Best;P=submitted then pool rejected;Q=44.45;R=-0.55 reject;S=calibration says MISLEADING.
R31A	V018	MISSING_DATE	V016	45.00 (V016)	FP16 multi-row D16384 cached rows	ee20861a4bcd2697ede3822d5c52ea07e56e51b2ca96b867144e3ef2ef6bc2e4	5a13b8fb9b75f170c01bcf3ef3dd58b3e278383a	origin/exp/independent-breadth (retained original source); route=origin/exec/sixlane-20260923-r31a	SOURCE_RETAINED; NO_SERVER3_BUILD_EVIDENCE	MISSING	MISSING	MISSING	MISSING	MISSING	MISSING	MISSING	NA	NA	MISSING_LOCAL_SCORE	MISSING	NOT_COMPLETE	MISSING	MISSING	No submission record	NONE	NONE	NONE	No result	NO	/Users/sunyiyang/Desktop/Project/cann/phase4/workspaces/R31A/R31A-V018-submission.asc	metadata/diff; build/link; executable; correctness; Local; Official	HISTORICAL_ONLY	A=FP16 cached rows;B=source claims single change;C=V016;D=SHA only for present file;E=original source committed and pushed to canonical 2026-09-26;F/G/H/I/J/K/L/M missing;N=NOT_COMPLETE;O=unknown;P no submit;Q/R no Official;S no calibration. | ASSET_RETENTION_2026-09-26=original canonical files committed without changing source bytes; canonical HEAD and origin matched fa0794f991d3d23279f7e765ae5175a75834d002; no new compile, correctness, or timing claimed for this historical revision
R31A	V019	2026-09-24	V016	45.00 (V016)	FP32 CachedRows tile 7680 to 8192	13b9a00d6d7ba9e11bfd5dea271c01d28182310df327eb7e02566238c2e22dfe	d38328aed787dfce6ad687821223d87db04f7e43	origin/exec/sixlane-20260923-r31a	Build/link PASS; direct server build recorded	PASS; numeric RC missing	PASS; numeric RC missing	MISSING	NPU correctness FAIL on target; control parent PASS	2x32768,b1 devices4/5 failed 507035; D24576 candidate PASS on d5	MISSING	NOT_RUN	NONE	NONE	NO_PERFORMANCE_MEASUREMENT	MISSING	CORRECTNESS_FAILED	NO_ADVANCE; preceding local best unproven	NO	Not queued	NONE	NONE	NONE	Not submitted	NO	/Users/sunyiyang/Desktop/Project/cann/phase4/local/R31A/V019/{source-meta.json,local-result.json,diff.patch,submission.sha256,support}	candidate executable SHA; independent correctness log; same-binary; timing/noise	CORRECTNESS_FAILED	A=tile width;B=constant only;C=V016;D=source meta/manifest;E=d383;F/G=PASS;H=missing;I=target failed;J=target/control recorded;K=no;L/M/N=no measurement;O=correctness failure;P no queue/submit;Q/R no Official;S no calibration.
R31A	V020	2026-09-24	V016	45.00 (V016)	FP32 RMS first pass with dual-slot MTE2/V prefetch	3249033942141c24df66f7e97ffa96ffe193f8eec55e992f57fac2948fd70243	d38328aed787dfce6ad687821223d87db04f7e43	origin/exec/sixlane-20260923-r31a	Build/link PASS; direct CMake/ld.lld recorded	PASS; numeric RC missing	PASS; numeric RC missing	MISSING	NPU correctness FAIL 507035; parent reference PASS	2x32768 b1 device4 failed; D24576 control not run	MISSING	NOT_RUN	NONE	NONE	NO_PERFORMANCE_MEASUREMENT	MISSING	CORRECTNESS_FAILED	NO_ADVANCE	NO	Not queued	NONE	NONE	NONE	Not submitted	NO	/Users/sunyiyang/Desktop/Project/cann/phase4/local/R31A/V020/{source-meta.json,local-result.json,submission.asc,support}	diff.patch; executable SHA; controls; same-binary; timing/noise	CORRECTNESS_FAILED	A=double input buffer;B=single staging mechanism;C=V016;D=source-meta SHA;E=d383;F/G=PASS;H=missing;I=failed;J=target failed;K=no;L/M/N=no measurement;O=correctness failed and prohibited as parent;P no queue;Q/R no Official;S no calibration.
R31A	V021	2026-09-24	V016	45.00 (V016)	Delay output MTE3-to-V wait until end of row in FP32 CachedRows loop	4f5bfc319b72d1f0bcfd453bc92e80ac64216719898757292daf1aa1b73b6063	d38328aed787dfce6ad687821223d87db04f7e43	origin/exec/sixlane-20260923-r31a	Kernel and paired runner targeted build/link PASS; legacy full-all failed	PASS; numeric RC missing	PASS; numeric RC missing	parent ELF=5513076e24b067864ea625ff9a0cfe9e8d1adb89262de3cebd9a3ab198df3f78; candidate ELF=62092bb490d61e2604e6561e2971856aace504d7875427dceb06039ace163bf0; modules/runner SHA in notes	Correctness PASS	2x32768 b1 and 2x24576 b1; device4	4.83928943e-7 at D32768; D24576=not run	NOT_RUN; host bridge CTest 4/4 is not same-binary	D32768=40.746 us; D24576=28.706 us	D32768=31.020 us; D24576=31.908 us	D32768 -9.726 us; D24576 +3.202 us; LOAD_CONTAMINATED	MISSING	MEASUREMENT_BLOCKED	MISSING; not advanced	NO	Not queued	NONE	NONE	NONE	No Online result	NO	/Users/sunyiyang/Desktop/Project/cann/phase4/local/R31A/V021/{local-result.json,handoff.md,source-meta.json,diff.patch,support logs}	same-binary; modified runner NPU execution; raw sample TSV; load snapshots bound to each sample; kernel alink SHA	MEASUREMENT_BLOCKED	Block reason=both shapes contaminated/no same-binary; date=2026-09-25/26; shapes D32768,D24576; device4 historical window, no current lease; same-binary=NOT_RUN; retry=exact-source NPU runner, same-binary then interleaved PC with exclusive lease. A=delay wait;B=single fence placement;C=V016;D=source SHA recorded;E=d383;F/G target runner builds pass;H ELF/module/runner IDs present;I two shapes pass;J absolute errors as stated;K no same-binary;L/M aggregated P/C values with mixed direction;N NEEDS_ONE_MORE_LOCAL;O not advanced;P no queue;Q no Official;R none;S no calibration. | LIVE_DEVICE_READ=2026-09-26T06:53:18Z; BLOCK_REASON=no eligible card: devices 0-6 HBM 90-91%, devices 0-3 AICore 33-39%, device 4 PID 2999855 VLLMEngineCor memory 55664MB; device 7 excluded by current timing policy; no active lease; DATE=2026-09-26; SHAPE=rows=2,D=32768 target and D=24576 control; DEVICE=none eligible from live query of 0-7; SAME_BINARY_RESULT=both same-binary and prior P/C invalid under current protocol; RETRY_REQUIRED=YES after fresh device query and exact-shape same-binary qualification | CURRENT_DISPOSITION=MEASUREMENT_BLOCKED supersedes prior nonterminal handoff labels; historical measurements retained and contaminated values excluded
