tag	timestamp_utc	DEVICE_ID	AICORE_pct	HBM_USED	FREE_HBM_MB	PROCS	next6_probe_procs
preflight	2026-09-24T04:23:00Z	4	0	59186/65536	6350	PID 2999855 VLLMEngineCor 55664MB	none
postlease	2026-09-24T04:24:31Z	4	0	59188/65536	6348	PID 2999855 VLLMEngineCor 55664MB	none

pair	timestamp_utc	AICORE_pct	HBM_USED	FREE_HBM_MB	PROCS	next6_probe_procs
1	2026-09-24T04:23:04Z	0	59186/65536	6350	PID 2999855 VLLMEngineCor 55664MB	none
2	2026-09-24T04:23:18Z	0	59188/65536	6348	PID 2999855 VLLMEngineCor 55664MB	none
3	2026-09-24T04:23:32Z	0	59188/65536	6348	PID 2999855 VLLMEngineCor 55664MB	none
4	2026-09-24T04:23:46Z	0	59188/65536	6348	PID 2999855 VLLMEngineCor 55664MB	none
5	2026-09-24T04:24:01Z	0	59188/65536	6348	PID 2999855 VLLMEngineCor 55664MB	none
6	2026-09-24T04:24:16Z	0	59188/65536	6348	PID 2999855 VLLMEngineCor 55664MB	none
