route	version	representative_candidate	git_commit	compile	run	submission_id	online_status	pass_count	official_score	baseline_done	source_sha256	result_path	note
FULL-R006-REDUCTION-ARCH	V001	upstream snapshot	f27c029	PASS	UNKNOWN	NOT_RECORDED	WRONG_ANSWER	1/15	-	YES	94ab0ef96a1a907fa187797b6c72361b2bdacfe6faf7a95d6471bd537a913266	实验/online/upstream-2026-09-18/results/FULL-R006-V001_RESULT.json	Imported upstream result; label is Correctness Fail, case 1 passed and cases 2-15 failed.
FULL-R013-DOUBLE-BUFFER-PIPELINE	V001	upstream exact candidate	66a4f5a	PASS	PASS	6aacb325b0477ec41e1707d2	PASS	15/15	18.76	YES	8e00792c69af079f99f83bd57be1ac74c6c4c560c44ed2f0bf1b544ef88db9f7	实验/online/FULL-R013-DOUBLE-BUFFER-PIPELINE/V001/6aacb325b0477ec41e1707d2/result.json	Online record commit is 66a4f5a; source candidate came from f27c029.
FULL-R002-RETAINED-Y	V001	L001	4878d55	PASS	PASS	6aace5f8b0477ec41e33e210	WRONG_ANSWER	14/15	-	YES	00c1a86043e924a96a79d0976a51dd1a065cce71614484b09569814f7a2a782c	实验/online/FULL-R002-RETAINED-Y/V001/6aace5f8b0477ec41e33e210/result.json	Online record commit is 4878d55; manifest source commit is 85dcb890.
FULL-R005-LARGE-TILE	V001	L002	10af2e6	PASS	PASS	6aad349bb0477ec41e606254	PASS	15/15	25.71	YES	f8717dec00b916b967d3e7331bb35212edae31020cf08731974647146bcc9eac	实验/online/FULL-R005-LARGE-TILE/V001/6aad349bb0477ec41e606254/result.json	Representative local candidate.
FULL-R015-MULTI-ROW-DMA	V001	L001	b99767f	PASS	PASS	6aad46e5b0477ec41e6a178f	RUNTIME_ERROR	1/15	-	YES	8e0fd09a5686315c481676defbfe83d811942aad7a92d58dd2bd80454b758521	实验/online/FULL-R015-MULTI-ROW-DMA/V001/6aad46e5b0477ec41e6a178f/result.json	Executable online result; runtime failure after case 1.
FULL-R019-NORMALIZATION	V001	L003	2d0dd3b	PASS	PASS	6aad5c03b0477ec41e73a5b7	PASS	15/15	18.68	YES	ce7be90cccd4e08cc24b44e3701bb5b598e043dd8c6bd0a1c0ca6fd2faec4954	实验/online/FULL-R019-NORMALIZATION/L003/6aad5c03b0477ec41e73a5b7/result.json	Representative local candidate.
FULL-R029-WIDE-CACHED-ROW	V001	L005	2f91ca3	PASS	PASS	6aad7849b0477ec41e7fd3b1	RUNTIME_ERROR	4/15	-	YES	7e10cfe561cb718aa3c0a56584ecb5e02b1db69d44803581690248bd0360ebe9	实验/online/FULL-R029-WIDE-CACHED-ROW/V001/6aad7849b0477ec41e7fd3b1/result.json	Executable online result; runtime failure after case 4.
FULL-R030-WIDE-PARAM-REUSE	V001	L004	245074f	PASS	FAIL	6aad8c4db0477ec41e864499	RUNTIME_ERROR	4/15	-	YES	84da7319b6bab7166635cfefba29a639a18ec871cf6d08b26d2493b76cc91f9b	实验/online/FULL-R030-WIDE-PARAM-REUSE/V001/6aad8c4db0477ec41e864499/result.json	Case 5 returned 507035; cases 6-15 were skipped.
FULL-R009-COPY-CENTRIC	V001	L002	c6c372d	PASS	PASS	6aad748eb0477ec41e7e6b20	PASS	15/15	18.61	YES	3c9dca95dbbae97deb3164aa109956c6366c4cb839839f051c01f496b75920d0	实验/online/FULL-R009-COPY-CENTRIC/L002/6aad748eb0477ec41e7e6b20/result.json	Representative local candidate.
FULL-R010-TAIL-CENTRIC	V001	L001	33bd5d0	PASS	PASS	6aad6c97b0477ec41e7b50df	PASS	15/15	17.66	YES	d68f5be582e709f407f6b26568fd9843ffdd47e4010923049c370a6cd4468a94	实验/online/FULL-R010-TAIL-CENTRIC/V001/6aad6c97b0477ec41e7b50df/result.json	Representative local candidate.
FULL-R012-ALIGNMENT-ROWGROUP	V001	V001	9af42e9	PASS	PASS	6aad70a5b0477ec41e7cf41b	PASS	15/15	22.96	YES	b00e8fef89d1bbc227e37ff137ed3ce44afb98caa454acdd722a439defbaf135	实验/online/FULL-R012-ALIGNMENT-ROWGROUP/V001/6aad70a5b0477ec41e7cf41b/result.json	Online source SHA does not match the current 9af42e9 file SHA; result retained and mismatch requires later provenance repair.
FULL-R014-PARAMETER-RESIDENCY-ARCH	V001	upstream snapshot	f27c029	PASS	UNKNOWN	NOT_RECORDED	PASS	15/15	20.09	YES	404113c5fe365e5a7f307150d48f63125f2b2a2b3d7d61327974f15a2bdc794b	实验/online/upstream-2026-09-18/results/FULL-R014-V001_RESULT.json	Imported upstream result; submission id was not included in the snapshot.
FULL-R016-SCHEDULING-ARCH	V001	CompileFix-A upstream snapshot	f27c029	PASS	UNKNOWN	NOT_RECORDED	PASS	15/15	17.14	YES	62de32dfc56a2b258704f658115fd01c8b224c6b814c106c049fd8cc9070c216	实验/online/upstream-2026-09-18/results/FULL-R016-V001_RESULT.json	Initial Compile Error and same-V001 CompileFix-A Pass; submission id was not included in the snapshot.
FULL-R001-TWO-PASS-SCAN	V001	-	-	NOT_STARTED	NOT_STARTED	NOT_SUBMITTED	NOT_SUBMITTED	-	-	NO	-	-	Queued after scope expansion; assigned to lane-a.
FULL-R003-PURE-ASCENDC-DIRECT	V001	-	-	NOT_STARTED	NOT_STARTED	NOT_SUBMITTED	NOT_SUBMITTED	-	-	NO	-	-	Queued after scope expansion; assigned to lane-a.
FULL-R004-LOW-PRECISION-MIDDLE	V001	-	-	NOT_STARTED	NOT_STARTED	NOT_SUBMITTED	NOT_SUBMITTED	-	-	NO	-	-	Queued after scope expansion; assigned to lane-a.
FULL-R007-REDUCE-SUM	V001	-	-	NOT_STARTED	NOT_STARTED	NOT_SUBMITTED	NOT_SUBMITTED	-	-	NO	-	-	Queued after scope expansion; assigned to lane-b.
FULL-R008-TILE-CROSS-CORE	V001	-	-	NOT_STARTED	NOT_STARTED	NOT_SUBMITTED	NOT_SUBMITTED	-	-	NO	-	-	Queued after scope expansion; assigned to lane-b.
FULL-R011-MANUAL-VECTOR-REDUCTION	V001	-	-	NOT_STARTED	NOT_STARTED	NOT_SUBMITTED	NOT_SUBMITTED	-	-	NO	-	-	Queued after scope expansion; assigned to lane-c.
FULL-R017-FP32-ALL-MIDDLE	V001	-	-	NOT_STARTED	NOT_STARTED	NOT_SUBMITTED	NOT_SUBMITTED	-	-	NO	-	-	Queued after scope expansion; assigned to lane-c.
FULL-R018-CAST-RINT-OUTPUT	V001	-	-	NOT_STARTED	NOT_STARTED	NOT_SUBMITTED	NOT_SUBMITTED	-	-	NO	-	-	Queued after scope expansion; assigned to lane-d.
FULL-R020-SQRT-NORMALIZATION	V001	-	-	NOT_STARTED	NOT_STARTED	NOT_SUBMITTED	NOT_SUBMITTED	-	-	NO	-	-	Queued after scope expansion; assigned to lane-d.
FULL-R021-CANN9-BUILD-CHAIN	V001	V001	7418d72	PASS	PASS	6aae26f0b0477ec41ebcb50d	PASS	15/15	24.01	YES	ff3196c0d40dea03bc4c9d4618edbf89a9a59ebd37a5e7f8aa2f7a9be8776670	实验/online/FULL-R021-CANN9-BUILD-CHAIN/V001/6aae26f0b0477ec41ebcb50d/result.json	CANN 9.0 / Ascend 910B3 compile and minimum run passed; source and online snapshot are bound.
FULL-R022-AUTO-CODEGEN	V001	V001	171adc5	PASS	PASS	6aae2922b0477ec41ebe0671	PASS	15/15	24.11	YES	baf4734a7043851483789dc9d20aca25bf8df73f70797bfe602a7dea0e34ca54	实验/online/FULL-R022-AUTO-CODEGEN/V001/6aae2922b0477ec41ebe0671/result.json	Generated source/spec snapshot compiled and ran on CANN 9.0 / Ascend 910B3; online source binding retained.
FULL-R023-ENGINEERING-CONVENTION	V001	-	-	NOT_STARTED	NOT_STARTED	NOT_SUBMITTED	NOT_SUBMITTED	-	-	NO	-	-	Queued after scope expansion; assigned to lane-f.
FULL-R024-CPU-VALIDATION-MATRIX	V001	-	-	NOT_STARTED	NOT_STARTED	NOT_SUBMITTED	NOT_SUBMITTED	-	-	NO	-	-	Queued after scope expansion; assigned to lane-f.
FULL-R025-SUBMISSION-INTEGRITY	V001	-	-	NOT_STARTED	NOT_STARTED	NOT_SUBMITTED	NOT_SUBMITTED	-	-	NO	-	-	Queued after scope expansion; assigned to lane-g.
FULL-R026-PERFORMANCE-MEASUREMENT	V001	-	-	NOT_STARTED	NOT_STARTED	NOT_SUBMITTED	NOT_SUBMITTED	-	-	NO	-	-	Queued after scope expansion; assigned to lane-g.
FULL-R027-GPU-MIGRATION-REFERENCE	V001	-	-	NOT_STARTED	NOT_STARTED	NOT_SUBMITTED	NOT_SUBMITTED	-	-	NO	-	-	Queued after scope expansion; assigned to lane-h.
FULL-R028-SCALAR-SYNC-REDUCTION	V001	-	-	NOT_STARTED	NOT_STARTED	NOT_SUBMITTED	NOT_SUBMITTED	-	-	NO	-	-	Queued after scope expansion; assigned to lane-h.
